Grantmaker.Name,Contact,Street.Address.1,Street.Address.2,City,State,ZIP.Code,Country,Telephone,Fax,E.mail,URL,Total.Assets,Total.Giving,Amount.Funded,Grant.Count,RFPs
Grand Rapids Community Foundation,,185 Oakes St SW,NA,Grand Rapids,MI,49503-4008,United States,616-454-1751,(616) 454-6455,svanderroest@grfoundation.org,http://www.grfoundation.org,446007139,16078689,2111706,160,0
The Meijer Foundation,,PO Box 150449,NA,Grand Rapids,MI,49515,United States,,,,,172757329,12031844,35612279,59,0
Fidelity Investments Charitable Gift Fund,Shelbi Orr,245 Summer St,NA,Boston,MA,02210-1116,United States,800-952-4438,(877) 665-4274,GrantCDI@fmr.com,https://www.fidelitycharitable.org/,56657940564,10356741867,4461493,47,0
Frey Foundation,,40 Pearl St NW Ste 1100,NA,Grand Rapids,MI,49503-3028,United States,616-451-0303,(616) 451-8481,contact@freyfdn.org,HTTP://FREYFDN.ORG/,147686324,5522441,1383500,38,0
Douglas & Maria Devos Foundation,,200 Monroe Ave NW,NA,Grand Rapids,MI,49503-2213,United States,616-643-4700,(616) 774-0116,info@dmdevosfoundation.org,http://DMDEVOSFOUNDATION.ORG,75306136,17086310,16519080,29,0
The Richard and Helen Devos Foundation,,200 Monroe Ave NW,NA,Grand Rapids,MI,49503-2213,United States,,,,,86474,3450000,39542670,28,0
Community Foundation for Southeast Michigan,"Nicole Sherard-Freeman, President; Nicole Sherard-Freeman, President; Randall Ross, Vice President, Donor Services",333 W Fort St,NA,Detroit,MI,48226-3134,United States,313-961-6675,313-961-2886,rdevore@cfsem.org,http://www.cfsem.org/,1142486271,95386578,1789416,25,0
Dick and Betsy Devos Family Foundation,,200 Monroe Ave NW,NA,Grand Rapids,MI,49503-2213,United States,616-643-4700,,TomB@dvfoundations.org,http://WWW.DBDVFOUNDATION.ORG,57578796,7249300,6024788,24,0
Cdv5 Foundation,,200 Monroe Ave NW,NA,Grand Rapids,MI,49503-2213,United States,616-643-4700,(616) 774-0116,info@vw-foundation.org,http://CDV5FOUNDATION.ORG,81373267,3592500,13237000,23,0
Edgar & Elsa Prince Foundation,,190 S River Ave Ste 300,NA,Holland,MI,49423-2825,United States,616-494-8100,616-494-8110,,,1071741,1367500,1828000,22,0
Daniel & Pamella Devos Foundation,,200 Monroe Ave NW,NA,Grand Rapids,MI,49503-2213,United States,616-643-4700,(616) 774-0116,TomB@rdvcorp.com,http://www.dpdevosfoundation.org,9947343,9847000,10523421,21,0
The Samuel L Westerman Foundation,,40100 Woodward Avenue,NA,BLOOMFIELD HILLS,MI,48304,United States,248-594-5770,,,,11090432,481500,126250,21,0
Peter and Joan Secchia Family Inc,,220 Lyon St NW Ste 510,NA,Grand Rapids,MI,49503-2210,United States,616-235-0010,,,,99894733,17017887,1254000,20,0
Cystic Fibrosis Foundation,,4550 Montgomery Ave Ste 1100n,NA,Bethesda,MD,20814-3732,United States,800-344-4823,(301) 951-6378,cmurphy@cff.org,http://www.cff.org,4885921122,200455461,4244306,19,0
John Dykema and Michele Maly-Dykema Family Foundation,,423 Buena Vista Dr,NA,Spring Lake,MI,49456-1734,United States,616-780-0000,,,,5140485,263719,319900,19,0
The Korff Foundation,,545 Clark Dr NW,NA,Comstock Park,MI,49321-9202,United States,616-301-1305,,,,7964866,362400,45000,16,0
"Donor Advised Charitable Giving, Inc. (dba: DAFgiving360)",,9800 Schwab Way,NA,Lone Tree,CO,80124-5377,United States,800-746-6216,877-535-3852,ask@schwabcharitable.org,http://www.dafgiving360.org,41110879271,6623957198,975780,14,0
The Pfizer Foundation Inc,,66 Hudson Blvd E,NA,New York City,NY,10001-2189,United States,212-733-4250,(212) 309-4254,,http://WWW.PFIZER.COM,255366549,45690467,4081,14,0
The Gerber Foundation,"Catherine Obits, Program Manager",4747 W 48th St Ste 153,NA,Fremont,MI,49412-8119,United States,231-924-3175,231-924-7906,tgf@gerberfoundation.org,http://WWW.GERBERFOUNDATION.ORG,86569243,3764740,5532494,13,0
Brown Tassell Foundation,,2353 Cascade Lakes Cir SE,NA,Grand Rapids,MI,49546-6630,United States,616-682-5262,,,,4555195,231500,421000,12,0
Douglas & Sandra Dekock Family Foun C/o Douglas Dekock,,806 N Shore Dr,NA,Holland,MI,49424-2752,United States,616-396-4950,,,,2816623,995250,83000,12,0
Natl Christian Charitable Foundation Inc,"Steve Chapman, Chief Creative Officer",1150 Sanctuary Pkwy Ste 350,NA,Alpharetta,GA,30009-4736,United States,404-252-0100,(404) 252-5177,info@nationalchristian.com,http://WWW.NCFGIVING.COM,5271121456,2069339216,6425487,11,0
Michigan Health Endowment Fund,,9829 Spencer Rd Ste 201,NA,Brighton,MI,48114-7718,United States,517-374-0031,,,http://WWW.MIHEALTHFUND.ORG,479695196,35232446,4685999,11,0
Klopcic Family Foundation,,28100 Gorsuch Ave,NA,Romulus,MI,48174-2629,United States,734-946-6200,,,,9554366,495000,531000,11,0
Kutsche Charitable Trust,,PO Box 630858,NA,Cincinnati,OH,45263-0858,United States,513-534-5310,,,,2532312,144000,414843,11,0
Morgan Stanley Global Impact Funding Trust Inc,,C/O Renpsg 8910 Purdue Rd 500,NA,INDIANAPOLIS,IN,46268,United States,800-843-0050,,support@msdonoradvisedfund.com,http://MSGIFT.DONORFIRSTX.COM,7062576748,1198809812,369500,11,0
Fremont Area Community Foundation,,4424 W 48th St,NA,Fremont,MI,49412-8721,United States,231-924-5350,231-924-5391,skasprzyski@facommunityfoundation.org,http://www.facommunityfoundation.org,268983898,7329890,141613,11,0
John W Blodgett Irrevocable Trust,,PO Box 653067,NA,Dallas,TX,75265-3067,United States,888-866-3275,,,,299885,11555,124155,11,0
Robert Graham Hospital Fund Utgf,,PO Box 653067,NA,Dallas,TX,75265-3067,United States,888-866-3275,,,,324743,12738,67602,11,0
GE Aerospace Foundation.,,901 Main Ave # 801-4,NA,Norwalk,CT,06851-1168,United States,617-443-3080,,gefoundation@ge.com,https://www.geaerospace.com/company/philanthropy,17339609,4330388,5480,11,0
The Wege Foundation,,99 Monroe Ave NW Ste 902,NA,Grand Rapids,MI,49503-6210,United States,616-957-0480,,,http://WWW.WEGEFOUNDATION.COM,336225363,18919489,4e+05,10,0
HEART OF WEST MICHIGAN UNITED WAY,,118 Commerce Ave SW Ste 100,NA,Grand Rapids,MI,49503-4106,United States,616-459-6281,(616) 459-8460,mvandyke@hwmuw.org,http://www.hwmuw.org,33875774,6008118,338325,10,0
River City Foundation,,2287 Hillside Ct,NA,Dexter,MI,48130-1702,United States,6168639182,,,,35207121,2852743,337284,10,0
Peter C & Emajean Cook Foundation,,2900 Charlevoix Dr SE Ste 130,NA,Grand Rapids,MI,49546-7049,United States,616-975-2249,,,http://COOKFOUNDATIONGR.ORG,49931331,3967335,114250,10,0
Joseph Foundation,,3767 Bradford St NE,NA,Grand Rapids,MI,49525-3324,United States,6162850714,,,,285212,20000,27500,10,0
Kent Community Health Foundation,,100 Corewell Dr NW,NA,Grand Rapids,MI,49503-2041,United States,866-989-7999,,,,13910264,8942614,24724744,9,0
The Cold Heading Foundation,,21777 Hoover Rd,NA,Warren,MI,48089-2544,United States,586-497-7000,,,,30034440,1127500,556500,9,0
The Children's Hospital of Philadelphia,Peggy Flynn,3401 Civic Center Blvd,NA,Philadelphia,PA,19104-4319,United States,215-590-1000,,,http://www.chop.edu,8131937980,56679163,432303,9,0
Springview Foundation,,99 E 8th St Ste 310,NA,Holland,MI,49423-3562,United States,616-298-2231,,,,9177204,395000,374960,9,0
Hemophilia Foundation of Michigan,,1921 W Michigan Ave,NA,Ypsilanti,MI,48197-4816,United States,734-544-0015,(734) 544-0095,hfm@hfmich.org,http://WWW.HFMICH.ORG,2911568,989012,334565,9,0
Raymond James Charitable Endowment Fund,,PO Box 23559,NA,St Petersburg,FL,33742-3559,United States,727-567-4861,(727) 567-8040,RJCEF@raymondjames.com,http://WWW.RAYMONDJAMESCHARITABLE.ORG,1932993768,313543977,230700,9,0
Grand Haven Area Community Foundation Inc,"Ann Tabor, President",6 Sherman Ave,NA,Grand Haven,MI,49417-1781,United States,616-842-6378,(616) 842-9518,lgrevel@ghacf.org,http://WWW.GHACF.ORG,182746977,9424307,121580,9,0
Bank of America Charitable Foundation,"Jennifer Silvania, Senior Vice President",401 N Tryon St Nc1-021-06-01,NA,Charlotte,NC,28255-0001,United States,980-386-9127,,,https://about.bankofamerica.com/en/making-an-impact/charitable-foundation-funding,7556845,225641539,111126,9,0
Enterprise Holdings Foundation,,600 Corporate Park Dr,NA,St Louis,MO,63105-4204,United States,314-512-5000,(314) 512-4754,foundation@ehi.com,http://WWW.GUIDESTAR.ORG,598877143,72865681,33500,9,0
Jpmorgan Chase Foundation,Jp Morgan Chase,383 Madison Ave Fl 41,NA,New York City,NY,10017-3217,United States,212-270-6000,,east.giving@jpmchase.com,https://www.jpmorganchase.com/impact,1219377637,202504945,2185,9,0
Johnson & Johnson Foundation United States Inc,,1 Johnson and Johnson Plz,NA,New Brunswick,NJ,08933-0001,United States,17325242455,,,https://www.jnj.com/caring,168420660,52464104,475,9,0
Rordor Foundation,,19700 Beach Rd Ph N,NA,Jupiter,FL,33469-3802,United States,561-262-0712,,,,144025,10000,1613000,8,0
The Eugene Applebaum Family Foundation,,480 Pierce St Ste 200,NA,Birmingham,MI,48009-6020,United States,248-593-8840,,,,121125,806674,1376100,8,0
John and Judy Spoelhof Foundation,,151 Central Ave Ste 200,NA,Holland,MI,49423-2831,United States,616-494-7400,,,,49629599,2098750,676000,8,0
Steve & Amy Van Andel Foundation,,3133 Orchard Vista Dr SE,NA,Grand Rapids,MI,49546-7033,United States,616-942-3268,,,,99226020,7833503,643000,8,0
Donald and Mary Kosch Foundation,,9 W Lane,NA,Dearborn,MI,48124-1193,United States,313-562-1368,,,,7883981,N/A,625500,8,0
"National Breast Cancer Foundation, Inc.","Mandy O'neill, Svp, Development; Rebecca Buell, Chief Financial Officer",7460 Warren Pkwy Ste 150,NA,Frisco,TX,75034-4269,United States,972-248-9200,972-248-6770,rbuell@nbcf.org,https://www.nationalbreastcancer.org/,22970784,10113807,426376,8,0
The Rodney Fund,,5618 Putnam Dr,NA,West Bloomfield,MI,48323-3721,United States,248-352-8108,,,,17056062,1610000,255000,8,0
Mayo Clinic,,200 1st St SW,NA,Rochester,MN,55905-0001,United States,507-538-1297,(507) 538-7802,,http://WWW.MAYOCLINIC.ORG,23339620165,937924597,230631,8,0
Leslie Tassell Foundation DBA Tassell-Wisner-Bottrall Foundation,,2951 Thornhills Ave SE,NA,Grand Rapids,MI,49546-7154,United States,6164810582,,,,9595652,578750,209000,8,0
Ralph L & Winifred E Polk Foundation,,260 E Brown St Ste 280,NA,Birmingham,MI,48009-6231,United States,248-385-5285,,,,15420471,752500,1e+05,8,0
Onequest Foundation,,205 Norwood Ave,NA,Holland,MI,49424-2730,United States,616-786-0900,,,,913149,1075000,42500,8,0
Jim and Ginger Jurries Foundation,,347 Settlers Rd Ste 120,NA,Holland,MI,49423-3994,United States,616-396-5211,,,,1463730,742075,39460,8,0
Rev Foundation,,200 Monroe Ave NW,NA,Grand Rapids,MI,49503-2213,United States,616-643-4700,,,,42480,271050,29000,8,0
Johns Family Foundation,,2500 E Beltline Ave SE Ste G367,NA,Grand Rapids,MI,49546-5987,United States,616-399-6371,,,,1019163,53000,19000,8,0
Wk Kellogg Foundation,,1 Michigan Ave E,NA,Battle Creek,MI,49017-4005,United States,269-968-1611,(268) 968-0413,communications@wkkf.org,http://www.wkkf.org,454402214,286480516,11256607,7,0
Corewell Health Group Return,,100 Corewell Dr NW,NA,Grand Rapids,MI,49503-2041,United States,866-989-7999,,,http://WWW.COREWELLHEALTH.ORG,8720835664,5976567,4742564,7,0
The Carls Foundation,,6001 N Adams Rd Ste 215,NA,Bloomfield Hills,MI,48304-1576,United States,248-434-5512,(313) 965-0547,,http://WWW.CARLSFDN.ORG,147060567,7689511,4389551,7,0
Grosfeld Foundation,,1 Towne Sq Ste 1600,NA,Southfield,MI,48076-3728,United States,313-256-7610,,,,121004,6307,2426500,7,0
Marvin and Betty Danto Family Foundation,,1700 Stutz Dr Ste 25,NA,Troy,MI,48084-4502,United States,248-649-4770,,,,29441048,3451500,940000,7,0
Gladys Friant Trust Under Will,,PO Box 630858,NA,Cincinnati,OH,45263-0858,United States,800-400-0439,,,,3354060,196121,495952,7,0
Pnc Foundation,,300 5th Ave,NA,Pittsburgh,PA,15222-2401,United States,412-565-4532,(412) 705-3584,stephanie.garbe@pnc.com,https://www.pnc.com/en/about-pnc/corporate-responsibility/philanthropy/pnc-foundation.html,126633811,82865128,254200,7,0
The Barton Malow Foundation,,26500 American Dr,NA,Southfield,MI,48034-2252,United States,248-436-5000,,,,1310718,778161,165000,7,0
Jandernoa Foundation C/o Michael Jandernoa,,171 Monroe Ave NW Ste 410,NA,Grand Rapids,MI,49503-2634,United States,616-325-2100,,,,3220015,838167,141300,7,0
June and Cecil McDole Foundation,,40900 Woodward Ave Ste 340,NA,Bloomfield Hills,MI,48304-5121,United States,248-353-1530,,,,5341140,244100,87500,7,0
Community Foundation for Muskegon County,,425 W Western Ave Ste 200,NA,Muskegon,MI,49440-1101,United States,231-722-4538,(231) 722-4616,info@cffmc.org,http://WWW.MUSKEGONFOUNDATION.ORG,233413617,15720180,84146,7,0
The Baum Family Foundation,,660 Indian Hills Dr,NA,Hastings,MI,49058-9480,United States,269-945-5009,,,,14822025,725000,81100,7,0
Jacob Best Foundation,,701 S Howard Ave Ste 106-392,NA,Tampa,FL,33606-2473,United States,813-280-9948,,,,5156021,222000,56900,7,0
Jack and Lija Romence Family Foundation,,2654 Shadowbrook Dr SE,NA,Grand Rapids,MI,49546-7460,United States,616-949-8304,,,,2668765,117040,31310,7,0
Morley Foundation,,1 Tuscola St,NA,Saginaw,MI,48607-1287,United States,989-753-3438,,,HTTPS://WWW.MORLEYFDN.ORG/,4246615,190950,6625,7,0
Illinois Tool Works Foundation,,155 Harlem Ave,NA,Glenview,IL,60025-4075,United States,,,,,328623,9492832,3225,7,0
American Endowment Foundation,Josh Walker,5700 Darrow Rd,NA,Hudson,OH,44236-5026,United States,888-440-4233,330-656-2063,joshwalker@aefonline.org,http://www.aefonline.org,7145882316,1229386619,1793500,6,0
Community Foundation of the Holland Zeeland Area,,85 E 8th St,NA,Holland,MI,49423-0002,United States,616-396-6590,(616) 396-3573,info@cfhz.org,http://cfhz.org/,127748169,13037510,1246894,6,0
National Philanthropic Trust,,165 Township Line Rd Ste 1200,NA,Jenkintown,PA,19046-3549,United States,1-888-878-7900,(215) 277-3029,npt@nptrust.org,http://WWW.NPTRUST.ORG,42227968504,5563257810,731000,6,0
Ford Philanthropy,,1 American Rd,NA,Dearborn,MI,48126-2701,United States,3132487210,(313) 594-7001,fordfund@ford.com,http://WWW.FORDFUND.ORG,195032102,38858157,661500,6,0
Seattle Children's Hospital,,PO Box 5371,NA,Seattle,WA,98145-5005,United States,206-884-2378,,warren.hewitt@seattlechildrens.org,http://WWW.SEATTLECHILDRENS.ORG,4895703194,57489875,592944,6,0
Barry Community Foundation,,231 S Broadway St,NA,Hastings,MI,49058-1835,United States,269-945-0526,(269) 945-0826,info@barrycf.org,http://WWW.BARRYCF.ORG,56406726,2379064,500600,6,0
Michigan Health & Hospital Association D/b/a Mha,,2112 University Park Dr,NA,Okemos,MI,48864-3972,United States,517-886-8254,,,http://WWW.MHA.ORG,39525175,33957317,417154,6,0
Gillett Family Foundation,,3100 Boynton Ave NE,NA,Ada,MI,49301-9748,United States,616-915-6024,,,,5885546,268000,150000,6,0
Robell Foundation,,4080 Camelot Ridge Dr SE,NA,Grand Rapids,MI,49546-2420,United States,616-774-3159,,,,206707,12000,150000,6,0
Samuel I Newhouse Foundation Inc,,1 World Trade Ctr,NA,New York City,NY,10007-0042,United States,212-286-6900,,,http://WMEWHOUSEAWARDS.COM,221028251,13750166,126000,6,0
Trott Foundation,,266 Elm St Ste 100,NA,Birmingham,MI,48009-6337,United States,2487235742,,,,5191433,199500,117000,6,0
Trust Uw William Gilbert,,PO Box 630858,NA,Cincinnati,OH,45263-0858,United States,513-534-5310,,,,228662,12226,88827,6,0
Millerknoll Foundation,,PO Box 1558,NA,Columbus,OH,43216-1558,United States,313-222-5067,,hermanmillercares@hermanmiller.com,https://www.hermanmiller.com/our-values/community-service/,9092511,1117223,54661,6,0
Hy and Greta Berkowitz Foundation,,6305 Great Meadow Rd,NA,Dedham,MA,02026-4089,United States,,,,,N/A,1000913,28000,6,0
Sieg Dunlap Foundation,,41000 Woodward Ave,NA,Bloomfield Hills,MI,48304-5130,United States,248-594-5770,,bqasawa@lopreteandlyneispc.com,,9307947,522208,21000,6,0
Perrigo Company Charitable Foundation,,515 Eastern Ave,NA,Allegan,MI,49010-9070,United States,2696738451,,perrigofoundation@perrigo.com,http://WWW.PERRIGO.COM/ABOUT/PERRIGO-,626424,1034964,12000,6,0
Linda Petro Ulrey and Laurence A Ulrey Family Foundation Inc,,1236 Hidden Lake Dr,NA,Bloomfield Hills,MI,48302-1955,United States,586-254-1040,,,,265359,22200,10652,6,0
Liberty Mutual Foundation,,175 Berkeley St,NA,Boston,MA,02116-5066,United States,617-357-9500,,foundation@LibertyMutual.com,http://WWW.LIBERTYMUTUALFOUNDATION.ORG,48111171,52239174,3508,6,0
John E Fetzer Institute Inc,,9292 W Kl Ave,NA,Kalamazoo,MI,49009-5316,United States,269-375-2000,(269) 372-2163,info@fetzer.org,http://WWW.FETZER.ORG,778712012,10493914,1100,6,0
Feeding America West Michigan,"Kenneth Estelle, Chief Executive Officer",864 W River Center Dr NE,NA,Comstock Park,MI,49321-8955,United States,616-784-3250,6167843255,bward@wmgleaners.org,http://WWW.FEEDWM.ORG,28092763,41576044,NA,6,0
Eagle Feather Foundation,,PO Box 1269,NA,Alpharetta,GA,30009-1269,United States,404-252-0100,,,,19352129,4164942,2400000,5,0
Michigan Center for Rural Health,,Msu B-218 Fee Hall,NA,EAST LANSING,MI,48824-0000,United States,5174329216,,,http://WWW.MCRH.MSU.EDU,1144155,1787133,880550,5,0
Rite Aid Healthy Futures,,200 Newberry Cmns,NA,Etters,PA,17319-9363,United States,717-972-3940,,HealthyFutures@RiteAid.com,http://RITEAIDHEALTHYFUTURES.ORG,22357023,10577285,545300,5,0
Douglas a & Margaret E Decamp Foundation,,102 Cook Rd,NA,Hastings,MI,49058-9629,United States,616-945-4700,,,,9432103,1091007,505000,5,0
Richard and Jane Manoogian Foundation,,330 Town Center Dr Ste 730,NA,Dearborn,MI,48126-2719,United States,313-274-8799,,,,25041367,1453336,385000,5,0
James and Catherine Rosenthal Foundation,,360 Cranbrook Rd,NA,Bloomfield Hills,MI,48304-3408,United States,248-593-3660,,,,1082432,87380,275000,5,0
O'donovan Family Foundation,,4245 N Oak Pointe Ct NE,NA,Grand Rapids,MI,49525-9415,United States,616-361-1448,,,,9851654,408500,163500,5,0
The Fraternal Order of Eagles Foundation,,1623 Gateway Cir,NA,Grove City,OH,43123-9309,United States,614-883-2194,(614) 883-2201,,http://WWW.FOE.COM,15955534,3877152,159710,5,0
Amyotrophic Lateral Sclerosis Association,,1300 Wilson Blvd Ste 600,NA,Arlington,VA,22209-2335,United States,202-407-8580,202-464-8869,teri.harris@als.org,http://www.als.org,127891549,22892366,125000,5,0
The Kirk Gibson Foundation for Parkinson's,"Mark Roberts, Director Of Development; Steve Annear",280 N Old Woodward Ave Ste 106,NA,Birmingham,MI,48009-5391,United States,313-823-2317,,team23@kirkgibsonfoundation.org,https://www.kirkgibsonfoundation.org,3687734,203700,1e+05,5,0
Muscular Dystrophy Association,,1016 W Jackson Blvd Ste 3550 PMB 1073,NA,Chicago,IL,60607-2914,United States,800-572-1717,(520) 529-5454,mroth@mdausa.org,http://www.mda.org,66561388,14912477,77500,5,0
Albemarle Foundation,,4250 Congress St Ste 900,NA,Charlotte,NC,28209-0044,United States,980-299-5531,,Sandra.Holub@albemarle.com,http://WWW.ALBEMARLEFOUNDATION.ORG,29347331,5443003,25000,5,0
Louis and Helen Padnos Foundation,,PO Box 1979,NA,Holland,MI,49422-1979,United States,616-396-6521,,,,6109062,244500,24100,5,0
James & Almeda Vander Waals Foundation,,PO Box 3636,NA,Grand Rapids,MI,49501-3636,United States,,,,,N/A,842938,12500,5,0
Coleman Family Foundation,,392 N Lakeshore Dr,NA,Holland,MI,49424-1342,United States,616-481-0064,,,,25685,8000,11500,5,0
Amazonsmile Foundation,Sachin Shah,PO Box 81226,NA,Seattle,WA,98108-1300,United States,,,,,34209763,93155183,9226,5,0
Borgwarner Foundation,,3850 Hamlin Rd,NA,Auburn Hills,MI,48326-2872,United States,,,,,N/A,121000,8400,5,0
Essendant Charitable Foundation Attn Tax,,1 Parkway North Blvd Ste 100,NA,Deerfield,IL,60015-2559,United States,847-627-7000,,,HTTPS://WWW.ESSENDANT.COM/ESSE,1621495,176380,6145,5,0
Edp Foundation,,5940 Tahoe Dr SE,NA,Grand Rapids,MI,49546-7121,United States,616-949-7250,,,,24774752,850000,4650,5,0
First Steps Kent,,401 Hall St SW Ste 385,NA,Grand Rapids,MI,49503-5098,United States,616-632-1003,,mstreng@firststepskent.org,http://www.firststepskent.org,4830339,9996503,2663672,4,0
Edward & Helen Mardigian Foundation,,PO Box 75000,NA,Detroit,MI,48275-7874,United States,2486458947,,,,46434182,2070500,5e+05,4,0
"American Heart Association, Inc.",,7272 Greenville Ave,NA,Dallas,TX,75231-5129,United States,800-,(214) 706-1341,Ahacommunications@heart.org,http://www.heart.org/,1926864938,224524671,469999,4,0
Detroit & Wayne County Tuberculosis Foundation,,100 Maple Park Blvd Ste 152,NA,St Clair Shores,MI,48081-2253,United States,586-498-1286,,,,32111310,2258843,315557,4,0
Charles Foundation,,Co Bessemer-1225 Franklin Ave 500,NA,Garden City,NY,11530,United States,516-508-9623,,,,3949878,195000,275000,4,0
Racingawareness-Com,,2025 Deerfield Dr NW,NA,Grand Rapids,MI,49534-7573,United States,616-813-3084,,,http://RACINGAWARENESS.COM,25660,101260,247760,4,0
Robert F Beard Charitable Foundat'n C/o James R Clark,,PO Box 698,NA,Ada,MI,49301-0698,United States,616-460-6617,,,,11453331,632500,229875,4,0
The Reinvestment Fund,"Emma Garcia, Manager",1700 Market St Fl 19,NA,Philadelphia,PA,19103-3904,United States,215-574-5800,(215) 574-5900,info@trfund.com,http://WWW.REINVESTMENT.COM,669610468,15057654,206050,4,0
The Doornink Foundation,,150 Ottawa Ave 1500 Warner Bldg,NA,GRAND RAPIDS,MI,49503,United States,616-752-2156,,,,22937413,908314,2e+05,4,0
United Jewish Foundation,,6735 Telegraph Rd,NA,Bloomfield Hills,MI,48301-3141,United States,248-642-4260,(248) 645-7879,tcohen@jfmd.org,http://WWW.JEWISHDETROIT.ORG,674906226,47155970,187040,4,0
"American Cancer Society, Inc.",Acs Eft; Kevin Williams,270 Peachtree St NW Ste 1300,NA,Atlanta,GA,30303-1246,United States,800-227-2345,(404) 321-4669,kevin.williams@cancer.org,http://www.cancer.org,1809676040,194769766,180000,4,0
Fifth Third Trust,,PO Box 630858,NA,Cincinnati,OH,45263-0858,United States,513-534-5310,(513) 534-0960,,,13100387,22521612,160000,4,0
Parkinson's Foundation,Laura Higgins,1359 Broadway Rm 1509,NA,New York City,NY,10018-7867,United States,800-457-6676,212-923-4778,lhiggins@parkinson.org,http://www.parkinson.org,62045139,11250290,105821,4,0
Harry A. and Margaret D. Towsley Foundation,,924 N Main St Ste 1,NA,Ann Arbor,MI,48104-1067,United States,734-660-2170,,,http://TOWSLEYFOUNDATION.ORG,76940306,3619754,1e+05,4,0
Vanguard Charitable,,45 Liberty Blvd Ste 220,NA,Malvern,PA,19355-1419,United States,888-383-4483,866-485-9414,amin_farooqui@vanguardcharitable.org,http://vanguardcharitable.org,22173441530,3057423430,71250,4,0
Beatrice & Reymont Paul Foundation,,5912 Shillingham Dr,NA,West Bloomfield,MI,48322-1557,United States,248-406-0005,,,http://WWW.PAULFOUNDATION.ORG,1643950,59205,62500,4,0
Barron Family Foundation,,5970 Wing Lake Rd,NA,Bloomfield Hills,MI,48301-1256,United States,248-357-1995,,,,1459355,121200,54000,4,0
Mary and George Herbert Zimmerman Foundation (att Joan C Skrzyniarz),,2600 W Big Beaver Rd Ste 300,NA,Troy,MI,48084-3312,United States,248-433-7521,,,,7139594,317235,38500,4,0
Wilkinson Foundation,,13765 Waterloo Rd,NA,Chelsea,MI,48118-9116,United States,734-904-1484,,,,8275618,352000,29000,4,0
Seizert Family Foundation,,615 W Brown St,NA,Birmingham,MI,48009-1496,United States,248-970-0900,,,,537412,39500,25000,4,0
Ufp Industries Foundation,,2801 E Beltline Ave NE,NA,Grand Rapids,MI,49525-9680,United States,6163646161,,,,6915700,N/A,23500,4,0
The Mall Family Foundation,,PO Box 560,NA,Rockford,MI,49341-0560,United States,616-866-5024,,,,3513464,150000,22500,4,0
Anna C Gamble Foundation,,9204 Columbia Ave,NA,Munster,IN,46321-3570,United States,219-853-7080,,,,878138,37500,20000,4,0
The Aletheia Foundation,,PO Box 127,NA,Belmont,MI,49306-0127,United States,616-866-1561,,,,58328,482096,17500,4,0
The Fruehauf Foundation,,Sentinel Tr 2001 Kirby Dr 1200,NA,HOUSTON,TX,77019,United States,713-529-3729,,,,5173174,244000,16000,4,0
John Bouma Sr and Sharon K Bouma Foundation,,2915 N Lakeshore Dr,NA,Holland,MI,49424-6023,United States,,,,,1,89750,12000,4,0
Wm O and Margaret H Dewitt Foundation,,3061 Madison Rd,NA,Cincinnati,OH,45209-1741,United States,513-241-8716,,,,2762267,255000,9000,4,0
Michael and Andrea Abraham Foundation,,200 Monroe Ave NW,NA,Grand Rapids,MI,49503-2213,United States,616-643-4700,,,,66165,269000,4000,4,0
Nate and Elissa Lowery Foundation,,200 Monroe Ave NW,NA,Grand Rapids,MI,49503-2213,United States,616-643-4700,,,,32098,71500,4000,4,0
Cole Family Foundation,,4569 Canterwood Dr NE,NA,Ada,MI,49301-8712,United States,6163651540,,,,66117,10436,3600,4,0
Steven and Kathryn Bandstra Foundation,,800 E Ellis Rd # 504,NA,Norton Shores,MI,49441-5622,United States,231-799-6870,,,,3797262,212200,2820,4,0
The Dennis and Nancy Gershenson Family Foundaton,,31500 Northwestern Hwy Ste 100,NA,Farmington Hills,MI,48334-2568,United States,248-785-2300,,,,220417,9800,2400,4,0
Lamb Weston Charitable Foundation,"Carrie Cereghino, Foundation Coordinator",599 S Rivershore Ln,NA,Eagle,ID,83616-4979,United States,208-938-1047,,carrie.cereghino@lambweston.com,https://www.lambweston.com/,13587607,1206618,200,4,0
Eileen Devries Family Foundation,,2249 Wealthy St SE Ste 240,NA,East Grand Rapids,MI,49506-3052,United States,616-774-4444,,,,10873743,1144000,NA,4,0
Weller Family Foundation,,111 Lyon St NW # 5b,NA,Grand Rapids,MI,49503-2406,United States,866-488-0017,,,,7121116,165775,1536817,3,0
Edward C and Linda Dresner Levy Foundation,,12030 Sunrise Valley Dr Ste 450,NA,Reston,VA,20191-3400,United States,703-437-9720,,,,21482779,7075917,900500,3,0
Gilbert Family Foundation,,1074 Woodward Ave,NA,Detroit,MI,48226-1906,United States,313-782-9500,,,https://gilbertfamilyfoundation.org/,1836,N/A,9e+05,3,0
Barnabas Foundation,,3801 Eagle Nest Dr Ste B,NA,Crete,IL,60417-1993,United States,708-532-3444,(708) 532-1217,info@barnabasfoundation.com,http://www.barnabasfoundation.com,428082293,60753779,762600,3,0
The Joshua-Jim and Eunice Stone Foundation,,27235 Ovid Ct,NA,Franklin,MI,48025-1036,United States,2484214161,,,,9313030,403500,728000,3,0
Corewell Health,,100 Corewell Dr NW,NA,Grand Rapids,MI,49503-2041,United States,866-989-7999,,,http://WWW.COREWELLHEALTH.ORG,4906691932,4133600,569606,3,0
Cystic Fibrosis Foundation Therapeutics Inc,,4550 Montgomery Ave Ste 1100n,NA,Bethesda,MD,20814-3732,United States,,,,http://WWW.CFF.ORG,N/A,N/A,487027,3,0
The June and Robert Gurwin Family Foundation,,4615 Dow Ridge Rd,NA,Orchard Lake,MI,48324-2326,United States,248-229-7948,,,,10217055,520000,450000,3,0
Cascade Hemophilia Consortium,,2025 Traverwood Dr Ste A,NA,Ann Arbor,MI,48105-2197,United States,734-996-3300,(734) 996-5566,info@cascadehc.org,http://www.casecadehc.org,87266404,5633020,216112,3,0
Charities Aid Foundation of America,"Aislinn Walsh, Administrative Coordinator",225 Reinekers Ln Ste 375,NA,Alexandria,VA,22314-2875,United States,202-793-2232,(703) 549-8934,andrew@cafamerica.org,http://www.cafamerica.org,444916585,884731548,200454,3,0
Variety Club Charity for Children DBA Variety the Children's Charity,,600 S Adams Rd Ste 310,NA,Birmingham,MI,48009-6864,United States,248-258-5511,(313) 257-5575,variety@variety5detroit.com,http://WWW.VARIETY-DETROIT.COM,6731501,477953,183000,3,0
The David and Carol Van Andel Family Foundation,,3133 Orchard Vista Dr SE,NA,Grand Rapids,MI,49546-7033,United States,616-574-2741,,,,109872066,5930238,152575,3,0
St. Baldrick's Foundation,,1333 S Mayflower Ave Ste 400,NA,Monrovia,CA,91016-5268,United States,626-739-2700,626-739-5718,Jennifer.mccabe@stbaldricks.org,http://www.stbaldricks.org,28976619,13695672,150000,3,0
Comerica Charitable Foundation,,36455 Corporate Dr,NA,Farmington Hills,MI,48331-3552,United States,214-462-4443,(313) 222-5555,,https://www.comerica.com/about-us/corporate-responsibility/charitable-giving.html,6067780,3833401,140000,3,0
Seattle Childrens Hospital,,PO Box 5371,NA,Seattle,WA,98145-5005,United States,2069874846,,,http://www.seattlechildrens.org,3605274314,21963717,138077,3,0
Richard & Barbara Gaby Foundation,,3870 Peachtree Industrial Blvd,NA,Berkeley Lake,GA,30096-1422,United States,770-232-9745,,,,93495486,6029084,126000,3,0
The Alcon Foundation Inc,,6201 South Fwy # Tb3-4,NA,Fort Worth,TX,76134-2001,United States,817-551-4818,(817) 615-3811,,https://www.alcon.com/about-us/corporate-responsibility/eye-care-everyone/alcon-giving/alcon-foundation,30000,5036500,1e+05,3,0
Young Men's Christian Association of Greater Grand Rapids,,475 Lake Michigan Dr NW,NA,Grand Rapids,MI,49504-5600,United States,616-855-9600,616-855-9601,slewis@grymca.org,http://www.grymca.org/,110835058,808326,86222,3,0
CHILDRENS ONCOLOGY GROUP FOUNDATION,Children's Oncology Group Foundation,40 W Evergreen Ave Ste 101,NA,Philadelphia,PA,19118-3324,United States,267-277-7064,,info@thecogfoundation.org,https://www.thecogfoundation.org/,22541970,6323480,77450,3,0
Racing for Kids C/o J Patrick Wright,,8120 Lindy Ln,NA,Harbor Springs,MI,49740-9028,United States,313-882-3403,(313) 882-2193,,http://RACINGFORKIDS.ORG,184863,55065,67000,3,0
Ferrantino Charitable Foundation Inc,,585 W Ann Arbor Trl,NA,Plymouth,MI,48170-2499,United States,734-662-0204,,,,2870236,108683,60000,3,0
March of Dimes Inc.,"Anthony Freitas, Director, Digital Marketing Paid Media",1550 Crystal Dr Ste 1300,NA,Arlington,VA,22202-4144,United States,914-428-7100,(914) 997-4560,afreitas@marchofdimes.org,https://www.marchofdimes.org,67854062,9453287,56000,3,0
Molinello Family Foundation,,PO Box 721067,NA,Berkley,MI,48072-0067,United States,248-549-9467,,,,25260660,1230000,50000,3,0
The Seligman Family Foundation,,1 Towne Sq Ste 1913,NA,Southfield,MI,48076-3733,United States,248-862-8000,,,,1815005,450165,46000,3,0
Wolverine World Wide Foundation,,9341 Courtland Dr NE,NA,Rockford,MI,49351-0001,United States,616-866-5500,,wwwfoundation@wwwinc.com,http://www.wolverineworldwide.com/about-us/responsibility,2902590,935333,45000,3,0
Sinai Medical Staff Foundation,,6735 Telegraph Rd,NA,Bloomfield Hills,MI,48301-3141,United States,248-642-4260,,,http://WWW.SINAIDETROITMEDICALFOUNDAT,4851955,230600,39600,3,0
Mickey Shapiro Charitable Trust,,31550 Northwestern Hwy Ste 220,NA,Farmington Hills,MI,48334-2532,United States,248-851-2700,,,,1042032,514000,33350,3,0
Cooper Foundation,,529 Newburne Pointe,NA,Bloomfield Hills,MI,48304-1411,United States,(248) 644-8450,,,,N/A,10716,31150,3,0
Gerson Family Foundation,,305 W Big Beaver Rd Ste 200,NA,Troy,MI,48084-5223,United States,248-244-3060,,,,1743265,261100,30000,3,0
Richard B Messer FBO Pennock Hospital,,PO Box 630858,NA,Cincinnati,OH,45263-0858,United States,513-534-5310,,,,2175752,100000,30000,3,0
Others First Inc,,1700 W Hamlin Rd Ste 200,NA,Rochester Hills,MI,48309-3340,United States,248-218-5310,,charityfunding@gmail.com,http://WWW.OTHERSFIRST.ORG,3140623,1105610,26000,3,0
The Pearson Family Foundation,,2025 W Long Lake Rd Ste 100,NA,Troy,MI,48098-4100,United States,248-641-0700,,,,332206,21000,25000,3,0
American Online Giving Foundation Inc,,40 E Main St Ste 887,NA,Newark,DE,19711-4639,United States,800-828-5415,,,http://www.onlinegivingfoundation.org/,376372692,1953619162,24436,3,0
Robert Nelson Foundation,,PO Box 761398,NA,Los Angeles,CA,90076-1398,United States,213-386-7777,,,http://www.robertnelsonfoundation.org,16009932,379995,20000,3,0
Evan's Victory Against Neuroblastoma Foundation Inc,,19308 Penrod Ter,NA,Germantown,MD,20874-6195,United States,301-980-0866,,wendy@theevanfoundation.org,https://WWW.THEEVANFOUNDATION.ORG,492719,180439,17250,3,0
Jerry & Marcia Tubergen Foundation,,7505 River St SE Ste 200,NA,Ada,MI,49301-8547,United States,616-454-4114,,,,11632757,4220750,16000,3,0
Ufp Industries Foundation,,2801 E Beltline Ave NE,NA,Grand Rapids,MI,49525-9680,United States,616-364-6161,,,,21185481,1034750,15150,3,0
Larry and Karen Mulder Foundation,,PO Box 451,NA,Zeeland,MI,49464-0451,United States,616-262-2938,,,,715334,437100,15000,3,0
Dte Energy Foundation,,1 Energy Plz,NA,Detroit,MI,48226-1221,United States,313-235-4000,,foundation@dteenergy.com,http://WWW.DTEFOUNDATION.COM,120093193,18039839,12000,3,0
Plym Foundation,,202 S Michigan St Ste 910,NA,South Bend,IN,46601-2031,United States,574-287-5977,,,,6854589,106500,12000,3,0
Boyer Family Foundation,,7147 Driftwood Dr SE,NA,Ada,MI,49301-7890,United States,,,,,N/A,17000,10000,3,0
The Scott and Barbara Greene Foundation,,675 Manhattan Rd SE,NA,East Grand Rapids,MI,49506-2024,United States,,,,,N/A,N/A,7500,3,0
Cunnington Family Foundation,,36700 Woodward Ave Ste 101,NA,Bloomfield Hills,MI,48304-0929,United States,248-594-6622,,,,37949,192000,6500,3,0
Henry E & Consuelo S Wenger Foundation Inc,,8916 Gale Rd,NA,White Lake,MI,48386-1409,United States,248-666-9300,,,,23238806,1097180,6400,3,0
Walmart Foundation,,702 SW 8th St Dept 9740,NA,Bentonville,AR,72716-0150,United States,800-530-9925,(479) 273-6850,,https://walmart.org/,30282854,131620851,5750,3,0
Michael F McManus Foundation,,535 N Williamsbury Rd,NA,Bloomfield Hills,MI,48301-2517,United States,3134809361,,,,6184037,827868,4500,3,0
Mervyn H & Leslie D Sternberg Foundation,,6766 Casa Grande Way,NA,Delray Beach,FL,33446-2347,United States,248-302-3838,,,,300577,14629,3000,3,0
Sandy Family Foundation Inc,,535 Sanctuary Dr,NA,Longboat Key,FL,34228-3852,United States,941-383-6837,,,,383364,37350,3000,3,0
Dryden Family Foundation,,2560 Dease Lake Rd,NA,Hale,MI,48739-8812,United States,989-257-5453,,,http://WWW.DRYDENFAMILYFOUNDATION.ORG,4057511,152950,2500,3,0
Sherwood Family Foundation,,8171 Bay Colony Dr Apt 1704,NA,Naples,FL,34108-7566,United States,2392540823,,,,567702,37075,2380,3,0
Patrick and Christie Scoggin Family Foundation,,458 Chalfonte Ave,NA,Grosse Pointe Farms,MI,48236-2918,United States,313-640-9631,,,,2195538,135266,2000,3,0
The Lisa and Brian Meer Foundation,,Co Brian Meer 3020 Middlebelt Roa,NA,WEST BLOOMFIELD,MI,48323-1932,United States,248-683-0001,,,,8085323,339766,1350,3,0
The Eppert Family Foundation,,31490 E Bell Vine Trl,NA,Beverly Hills,MI,48025-3703,United States,248-320-8473,,,,32276,80576,1300,3,0
United States Department of Health and Human Services,,200 Independence Ave. S.W.,NA,"Washington, D.C.",DC,20201-0004,United States,(877) 696-6775,,,http://www.hhs.gov/,N/A,12100000,2341117,2,0
Devos Family Foundation,,200 Monroe Ave NW,NA,Grand Rapids,MI,49503-2213,United States,616-643-4700,,,http://DEVOSFAMILYFOUNDATION.ORG,4825,3437000,2e+06,2,0
William Davidson Foundation,,PO Box 1688,NA,Birmingham,MI,48012-1688,United States,248-788-6500,,grants@williamdavidson.org,http://WWW.WILLIAMDAVIDSON.ORG,1480745151,60000409,1010000,2,0
UNITED WAY FOR SOUTHEASTERN MICHIGAN,,3011 W Grand Blvd Ste 500,NA,Detroit,MI,48202-3012,United States,313-226-9200,,Community.impact@liveunitedsem.org,http://unitedwaysem.org,67179415,N/A,717510,2,0
The Qazi Foundation C/o Ciena Healthcare Management Inc,,4000 Town Ctr Ste 2000,NA,Southfield,MI,48075-1415,United States,248-386-0300,,,,2639,543195,6e+05,2,0
The Fred a & Barbara M Erb Family Foundation,"Jodee Raines, Vice President Of Programs",34100 Woodward Ave Ste 310,NA,Birmingham,MI,48009-0962,United States,248-498-2503,(248) 644-1517,jraines@erbff.org,http://WWW.ERBFF.ORG,363118936,17696127,503000,2,0
Celani Charitable Foundation Inc,,42875 Grand River Ave Ste 201,NA,Novi,MI,48375-1782,United States,248-465-1550,,,,1726523,N/A,450000,2,0
James and Shirley Balk Foundation,,1230 Monroe Ave NW,NA,Grand Rapids,MI,49505-4620,United States,616-458-1414,,,,5170126,143539,361058,2,0
Because of Ezra Inc,"Derek Pupello, Treasurer; Kyle Matthews, President; Kyle Matthews, Executive Director; Marissa Devins, Secreatary",13014 N Dale Mabry Hwy,NA,Tampa,FL,33618-2808,United States,,,,HTTP://BECAUSEOFEZRA.ORG/,N/A,12943,263743,2,0
Minneapolis Foundation,,800 Ids Center,NA,Minneapolis,MN,55402,United States,612-672-3878,612-672-3846,info@mplsfoundation.org,http://www.minneapolisfoundation.org,1134066155,113983030,2e+05,2,0
Ethel and James Flinn Foundation,,333 W Fort St Ste 1950,NA,Detroit,MI,48226-3167,United States,313-309-3436,(313) 309-3441,acole@flinnfoundation.org,http://WWW.FLINNFOUNDATION.ORG,68852567,2855200,175000,2,0
Deroy Testamentary Foundation,"Julie Rodecker, President",2699 Centralparl Bwd Suiteigo,NA,SOUTHFIELD,MI,48076-0000,United States,248-827-0920,,deroyfdtn@aol.com,http://DEROYFOUNDATION.ORG,40440202,2359576,150000,2,0
Team Lafontaine U Can-Cer Vive,,4000 W Highland Rd,NA,Highland,MI,48357-4007,United States,8778295500,,,http://ucancervive.com,217953,294930,150000,2,0
Spencer M Partrich Charitable Foundation,,31550 Northwestern Hwy Ste 200,NA,Farmington Hills,MI,48334-2532,United States,248-851-2700,,,,21659,10000,120100,2,0
Children's Hospital of Michigan Foundation,"Douglas Ferrick, Chief Development Officer; Jill Nelson, Director Of Marketing & Communications",3011 W Grand Blvd Ste 218,NA,Detroit,MI,48202-3042,United States,313-964-6994,,jnelson@yourchildrensfoundation.org,http://WWW.YOURCHILDRENSFOUNDATION.ORG,140838602,6009841,107740,2,0
Karp Family Foundation,,4455 S Bay Dr,NA,Orchard Lake,MI,48323-1504,United States,313-659-7315,,,,18499272,804133,105000,2,0
William G Currie Foundation,,2645 Meadow Crossing Dr SE,NA,Ada,MI,49301-8525,United States,616-318-9062,,,,474344,1122500,105000,2,0
Michigan Center for Clinical Systems Improvement,,233 Fulton St E Ste 20,NA,Grand Rapids,MI,49503-3261,United States,616-551-0795,,,http://WWW.MICCSI.ORG,3641006,50000,101202,2,0
The Kasle Foundation,,555 Stanley Blvd,NA,Birmingham,MI,48009-1401,United States,248-723-9442,,,,56968,N/A,1e+05,2,0
Tua Artichoke Garlic Fdtn,,PO Box 3636,NA,Grand Rapids,MI,49501-3636,United States,8004000439,,,,8589748,966896,1e+05,2,0
Child's Play,"Kirsten Carlile, Director, Philanthropy & Partner Experiences; Travis Eriksen, Executive Director",2446 6th Ave S,NA,Seattle,WA,98134,United States,425-403-5558,,childsplaycharity@childsplaycharity.org,http://WWW.CHILDSPLAYCHARITY.ORG,15114514,2343143,81600,2,0
Lorene and Ben Maibach Foundation,,26500 American Dr,NA,Southfield,MI,48034-2252,United States,248-436-5054,,,,2708312,692500,80000,2,0
Mann Family Foundation,,301 Promenade St,NA,Providence,RI,02908-5720,United States,4013453349,,,,9247710,733190,66281,2,0
Donald and Norma Golden Fam Foundation C/o Bruce Kahn Esq,,27777 Franklin Rd Ste 2500,NA,Southfield,MI,48034-8222,United States,248-351-3000,,,,1178819,25000,50000,2,0
Mcpc Family Charities,,21500 Aerospace Pkwy,NA,Cleveland,OH,44142-1071,United States,440-268-3083,,,http://WWW.MCPCFC.ORG,32,1150,50000,2,0
PUBLIC HEALTH INSTITUTE,,555 12th St Ste 600,NA,Oakland,CA,94607-4067,United States,510-285-5500,510-285-5501,mmatthews@phi.org,http://www.phi.org,129042887,55728903,48740,2,0
THE GREENVILLE AREA COMMUNITY FOUNDATION,"Alison Barberi, President & Ceo",225 N Lafayette St,NA,Greenville,MI,48838-1855,United States,616-754-2640,,alison@gacfmi.org,http://www.gacfmi.org,50889365,1479737,46570,2,0
Flagstar Foundation Inc,,5151 Corporate Dr,NA,Troy,MI,48098-2639,United States,248-312-5111,,,http://WWW.FLAGSTAR.COM,18995161,3377000,40000,2,0
Car Donation Foundation,"Loren Dorshow, Executive Director",5775 Wayzata Blvd Ste 765,NA,Minneapolis,MN,55416-1222,United States,952-525-2238,,loren.dorshow@wheelsforwishes.org,http://WWW.WHEELSFORWISHES.ORG,11683472,13209428,36818,2,0
Ann and Mike Rosenthal Family Foundation,,360 Cranbrook Rd,NA,Bloomfield Hills,MI,48304-3408,United States,,,,,N/A,55000,35000,2,0
Kirk Gibson Foundation,,16845 Kercheval Ave Ste 5,NA,Grosse Pointe Park,MI,48230-1551,United States,3133310330,,,http://www.kirkgibsonfoundation.org,316460,1035560,35000,2,0
University of Pittsburgh,,116 Atwood St Ste 201,NA,Pittsburgh,PA,15213-3402,United States,412-624-3189,412-624-3911,,http://WWW.PITT.EDU,9680542422,429008070,32300,2,0
Nowak Family Foundation,,4213 Crayton Rd,NA,Naples,FL,34103-8524,United States,616-846-6756,,,,1773651,148300,31700,2,0
Mary Free Bed Rehabilitation Hospital,,235 Wealthy St SE,NA,Grand Rapids,MI,49503-5247,United States,800-528-8989,,,http://WWW.MARYFREEBED.COM,243526684,100428,30000,2,0
VERA AND JOSEPH DRESNER FOUNDATION,,7066 McGraw St,NA,Detroit,MI,48210-1937,United States,313-285-8618,,kevinf@dresnerfoundation.org,http://WWW.DRESNERFOUNDATION.ORG,148343603,3516014,25000,2,0
Nespola Charitable Foundation,,1 Righter Pkwy Ste 120,NA,Wilmington,DE,19803-1533,United States,302-573-5973,,,,2663486,90995,24000,2,0
The Skillman Foundation,,100 Talon Centre Dr Ste 100,NA,Detroit,MI,48207-4266,United States,313-393-1185,(313) 393-1187,nfotias@skillman.org,HTTP://WWW.SKILLMAN.ORG,568394512,23772505,21700,2,0
Delta Dental Plan of Michigan Inc,,4100 Okemos Rd,NA,Okemos,MI,48864-3215,United States,517-349-6000,,,http://WWW.DELTADENTALMI.COM,918626400,3895292,20000,2,0
Tawila Family Foundation,,64 Hidden Rdg,NA,Bloomfield Hills,MI,48304-2907,United States,248-770-8277,,,,53890,132596,17500,2,0
The Shine Foundation,,PO Box 451,NA,Zeeland,MI,49464-0451,United States,616-262-2938,,,,6892294,1732160,15500,2,0
Charles W Loosemore Foundation,,646 100th St SE,NA,Byron Center,MI,49315-8770,United States,239-513-1421,,,,5833231,390000,15100,2,0
Great Lakes Timber Professionals Association Inc,,3243 Golf Course Rd,NA,Rhinelander,WI,54501-8176,United States,715-282-5828,,,http://WWW.TIMBERPA.COM,901610,35508,11686,2,0
Hastings Mutual Insurance Company Charitable Foundation,,404 E Woodlawn Ave,NA,Hastings,MI,49058-1005,United States,800-442-8277,,,,4024054,159449,11000,2,0
Triford Foundation,,42609 Jason Ct,NA,Sterling Heights,MI,48313-2632,United States,906-370-0208,,,,6575304,330000,11000,2,0
Malcolm and Beth Lowenstein Foundation,,33 Bloomfield Hills Pkwy Ste 120,NA,Bloomfield Hills,MI,48304-2945,United States,248-203-2000,,,,2534610,110610,10350,2,0
Delta Air Lines Foundation,,1020 Delta Blvd Dept 983,NA,Atlanta,GA,30354-1989,United States,404-715-2600,,foundation.delta@delta.com,,32576521,18770715,10000,2,0
Mary Free Bed Guild Fund,,235 Wealthy St SE,NA,Grand Rapids,MI,49503-5247,United States,800-528-8989,,Info@MaryFreeBed.com,,41951161,1342352,10000,2,0
The Chase and Luke Foundation,,1157 Lake Park Dr,NA,Birmingham,MI,48009-1001,United States,248-854-5340,,,,212488,9877,9500,2,0
The D Dan and Betty Kahn Foundation,,2301 W Big Beaver Rd Ste 750,NA,Troy,MI,48084-3329,United States,248-781-0200,,,,117733088,13700083,8750,2,0
The Gornick Fund,,PO Box 85,NA,Gaylord,MI,49734-0085,United States,989-732-0775,,,,1562967,66850,8000,2,0
Feyen Zylstra Community Foundation,,2396 Hillside Dr NW,NA,Grand Rapids,MI,49544-1926,United States,616-224-7190,,,http://WWW.GUIDESTAR.ORG,7935,N/A,7000,2,0
Great Lakes Castings Corporation Foundation,,800 N Washington Ave,NA,Ludington,MI,49431-2724,United States,2318432501,,,,1059106,42349,6500,2,0
Lawrence a Sanders Foundation Inc J Daniel Brede Managing Director,,4781 NW 27th Ave,NA,Boca Raton,FL,33434-5832,United States,561-241-8996,,,,21119874,923500,5500,2,0
Littler Mendelson Foundation Inc Attn Tax Manager,,2301 McGee St Ste 800,NA,Kansas City,MO,64108-2662,United States,816-772-0600,,,http://WWW.LITTLER.COM,407675,333969,5250,2,0
Investment Professionals for Charity Inc,,40701 Woodward Ave Ste 101,NA,Bloomfield Hills,MI,48304-5078,United States,2484571200,,,http://ipcharity.org,313875,112600,5000,2,0
Commerce Bancshares Foundation,,922 Walnut St,NA,Kansas City,MO,64106-1802,United States,816-234-2577,,,,35106042,1909453,4500,2,0
Land O L Foundation,"Lydia Botham, Executive Director",PO Box 64150,NA,St Paul,MN,55164-0150,United States,651-375-2222,,landolakesfoundation@landolakes.com,http://www.foundation.landolakes.com,2114049,5696508,4150,2,0
Trugreen Foundation,,1790 Kirby Pkwy Ste 300,NA,Memphis,TN,38138-7411,United States,901-251-3939,,,,3831,200,4000,2,0
Marion and Robert Wyatt Foundation Co Dawda Mann Mulcahy & Sadler Plc,,39533 Woodward Ave Ste 200,NA,Bloomfield Hills,MI,48304-5103,United States,,,,,N/A,1030000,3550,2,0
NSF Foundation C/o Sally Jo Trapp,,7400 Whispering Ridge St SE,NA,Grand Rapids,MI,49546-9144,United States,248-649-7516,,,,1288254,54200,3000,2,0
The Minkin Family Foundation,,3001 W Big Beaver Rd Ste 700,NA,Troy,MI,48084-3108,United States,2486493400,,,,2886786,136448,2500,2,0
Mr & Mrs Wayne B Lyon Foundation,,PO Box 176,NA,Terra Ceia,FL,34250-0176,United States,239-213-8188,,,,2014952,90000,2500,2,0
Kent Medical Foundation,,233 Fulton St E Ste 224,NA,Grand Rapids,MI,49503-3261,United States,616-458-4157,,,http://www.kmf.org,367804,N/A,2250,2,0
De Witt Families Conduit Foundation,,280 N River Ave Ste B,NA,Holland,MI,49424-2193,United States,616-393-8160,,,,18503,710708,2000,2,0
Herman and Sharon Frankel Foundation,,535 Sanctuary Dr Apt C808,NA,Longboat Key,FL,34228-4809,United States,9413870501,,,,377454,157582,2000,2,0
Haggarty Foundation,,20630 Harper Ave Ste,NA,Harper Woods,MI,48225-1448,United States,312-886-3490,,,,3247,22180,2000,2,0
Louis F and Florence H Weyand 1977,,PO Box 634,NA,Milwaukee,WI,53201-0634,United States,612-303-3205,,,,4753562,214000,2000,2,0
Sayed Foundation,,1400 Inwoods Cir,NA,Bloomfield Hills,MI,48302-1307,United States,,,,,N/A,133000,2000,2,0
Douglas and Margo Yellin Woll Family Foundation,,3311 Woodview Lake Rd,NA,West Bloomfield,MI,48323-3573,United States,2486260459,,,,3147364,204800,2000,2,0
Carmax Foundation,,12800 Tuckahoe Creek Pkwy,NA,Richmond,VA,23238-1115,United States,804-747-0422,(804) 935-4516,kmxfoundation@carmax.com,http://FOUNDATION.CARMAX.COM,6642085,6678283,1480,2,0
Sacred Family Causes Foundation,,110 Merriweather Rd,NA,Grosse Pointe Farms,MI,48236-3623,United States,313-882-8266,,,,519910,23325,850,2,0
Merle & Sheri Dewitt Foundation,,PO Box 2007,NA,Holland,MI,49422-2007,United States,616-915-1998,,,,3637870,210080,800,2,0
Management Partners Foundation,,7210 E State St Ste 102,NA,Rockford,IL,61108-2636,United States,800-642-9940,,,https://www.furstgroup.com/furst-group-foundation,N/A,8033,500,2,0
Rajendra and Pratibha Modi Family Foundation,,32215 Rosewood Meadow Ln,NA,Wesley Chapel,FL,33543-4150,United States,248-626-6343,,,,220366,13744,500,2,0
Boston Foundation Inc,"Pamela Hurd, Senior Director Of Leadership Giving",75 Arlington St,NA,Boston,MA,02116-3936,United States,617-338-1700,(617) 338-1604,info@tbf.org,http://www.tbf.org,1708597273,174634511,300,2,0
Rogers Family Foundation Corporation,,23179 Telegraph Rd,NA,Southfield,MI,48033-4126,United States,248-353-4800,,,,4701445,265130,130,2,0
The David and Sheryl Livingston Family Foundation,,7100 Gladys Dr SE,NA,Grand Rapids,MI,49546-9738,United States,,,,,N/A,3035,100,2,0
American Express Foundation,,200 Vesey Street 48th Fl,NA,New York City,NY,10285-0001,United States,859-576-2845,,communitygiving@aexp.com,https://www.americanexpress.com/en-us/company/corporate-sustainability/community-impact/apply-grant/,71012960,25711713,92,2,0
"Second Harvest Gleaners Food Bank of West Michigan, Inc.",,864 W River Center Dr NE,NA,Comstock Park,MI,49321-8955,United States,6167843250,(616) 784-3255,kene@feedingamericawestmichigan.org,http://www.feedwm.org,9482347,41717995,NA,2,0
William Beaumont Hospital,,26901 Beaumont Blvd,NA,Southfield,MI,48033-3849,United States,616-391-2022,,ppratt@beaumont.edu,http://WWW.BEAUMONT.ORG,4475418710,30900890,43190044,1,0
The Van Andel Fund Inc,,3133 Orchard Vista Dr SE,NA,Grand Rapids,MI,49546-7033,United States,616-574-2741,,mark.bugge@vaegr.com,,1972,N/A,2e+06,1,0
Applebaum Family Support Foundation,,6735 Telegraph Rd,NA,Bloomfield Hills,MI,48301-3141,United States,248-642-4260,,,,1771713,975000,1650000,1,0
United States Health Resources & Services Administration,,5600 Fishers Ln,NA,Rockville,MD,20857-0002,United States,,,,http://www.hrsa.gov/index.html,N/A,1900000,1122899,1,0
The Vattikuti Foundation,,1000 Town Ctr Ste 700,NA,Southfield,MI,48075-1220,United States,248-281-2513,,,,42456918,1230556,1e+06,1,0
Beat NB Cancer Foundation,,PO Box 850804,NA,Braintree,MA,02185-0804,United States,7815199787,,,http://www.beatnb.org,72718,800000,8e+05,1,0
United States National Institutes of Health,,9000 Rockville Pike,NA,Bethesda,MD,20892-0001,United States,(301) 496-4000,,,https://www.nih.gov/,N/A,12931273222,625084,1,0
Ted and Jane Von Voigtlander Foundation,"Steven Bearden, Vice President",3300 County Farm Rd,NA,Howell,MI,48843-8936,United States,517-518-1685,,info@tjvv.org,https://tjvv.org,24576760,3461000,5e+05,1,0
Foundation for the Realization of Human Potential NFP,,1658 N Milwaukee Ave PMB 314,NA,Chicago,IL,60647-6905,United States,312-645-8300,,,http://www.wrightfoundation.org/,4827315,400000,4e+05,1,0
Ted Lindsay Foundation,,4062 Livernois Rd,NA,Troy,MI,48098,United States,248-619-1733,,sweetlew001@gmail.com,http://TEDLINDSAY.ORG,71540,192760,275000,1,0
The Hough Foundation,,32907 Bingham Ln,NA,Bingham Farms,MI,48025-2419,United States,248-737-4200,,,,15835284,1244000,260000,1,0
The Ann and Bob Aikens Family Foundation,,350 N Old Woodward Ave Ste 300,NA,Birmingham,MI,48009-5390,United States,248-283-2392,,,,8331,N/A,257250,1,0
"Max M. and Marjorie S. Fisher Foundation, Inc.",Jennifer  Fahnestock,2 Towne Sq Ste,NA,Southfield,MI,48076-3726,United States,248-4151444,(248) 415-1453,jenn@mmfisher.org,http://www.mmfisher.org,280244201,19512853,255000,1,0
United States Rural Utilities Service,,1400 Independence Ave. SW Stop 1510 Rm. 5135,NA,"Washington, D.C.",DC,20250-1510,United States,(202) 720-9540,(202) 720-1725,,http://www.rd.usda.gov/about-rd/agencies/rural-utilities-service,N/A,26031399,254884,1,0
Crn Foundation,,PO Box 959,NA,East Dennis,MA,02641-0959,United States,,,,,N/A,N/A,250000,1,0
The Douglas F Allison Foundation,,3707 W Maple Rd Ste 210,NA,Bloomfield Hills,MI,48301-3204,United States,734-354-9720,,,,33077742,1450000,250000,1,0
The Aspen Institute Inc,,2300 N Street NW 700,NA,WASHINGTON,DC,20037,United States,202-736-5800,(202) 467-0790,jim.spiegelman@aspeninst.org,http://WWW.ASPENINSTITUTE.ORG,519114037,34469867,225000,1,0
Emil and Stella Banich Foundation,,585 W Ann Arbor Trl,NA,Plymouth,MI,48170-2499,United States,7346620204,,,,568413,433333,2e+05,1,0
The Stone Foundation of Michigan,,27235 Ovid Ct,NA,Franklin,MI,48025-1036,United States,248-421-4161,,,,12927539,533000,180000,1,0
The Pew Charitable Trusts,,One Commerce Square Suite 2800,NA,Philadelphia,PA,19103,United States,215-575-9050,215-575-4939,media@pewtrusts.org,https://www.pew.org,1350161416,167526160,150000,1,0
Celani Family Foundation Inc,,42875 Grand River Ave Ste 201,NA,Novi,MI,48375-1782,United States,248-465-1550,,,,1186235,817450,143000,1,0
Roncelli Family Foundation,,6471 Metropolitan Pkwy,NA,Sterling Heights,MI,48312-1027,United States,586-264-2060,,,,176329,229188,143000,1,0
Caldwell Fisher Family Foundation,,2882 Sand Hill Rd Ste 150,NA,Menlo Park,CA,94025-7057,United States,650-233-9000,,,,24020753,3745000,1e+05,1,0
For Kids' Sake Foundation Inc,,550 Kelley Blvd,NA,North Attleboro,MA,02760-4103,United States,508-376-8811,,Forkidssakefoundation@gmail.com,http://WWW.FORKIDSSAKEFOUNDATION.ORG,813185,170383,1e+05,1,0
Masco Corporation Charitable Trust,,PO Box 75000,NA,Detroit,MI,48275-7874,United States,313-222-3018,(313) 792-6262,,http://masco.com/corporate-responsibility/masco-foundation,N/A,3671822,1e+05,1,0
The Meryl & Charles Witmer Charitable Foundation,,280 Madison Ave Rm 1007,NA,New York City,NY,10016-0820,United States,212-812-3089,,,,5098309,1001070,1e+05,1,0
Jacob G. Schmidlapp Trust No. 1 and No. 2,"Heidi B.  Jark, Mgr., Charitable And Planned Giving Svcs.",38 Fountain Sq. Plz. 1090ca,NA,Cincinnati,OH,45263-0001,United States,(513) 534-4397,,,,61037099,1760000,1e+05,1,0
Wheeler Family Foundation Inc,,1111 W Long Lake Rd,NA,Troy,MI,48098-6308,United States,248-844-1410,,,,14764467,2236605,1e+05,1,0
William Randolph Hearst Foundation,,300 W 57th St Fl 26,NA,New York City,NY,10019-3741,United States,212-649-3748,,hearst.ny@hearstfdn.org,http://www.hearstfdn.org,863516672,36856583,1e+05,1,0
Maibach Family Foundation,,26500 American Dr,NA,Southfield,MI,48034-2252,United States,2484365050,,,,2313550,133950,91000,1,0
Toni a Wisne Foundation,,PO Box 758,NA,Novi,MI,48376-0758,United States,2489747749,,,,39068678,1649300,85000,1,0
Grand Rapids Sports Hall of Fame,,2330 East Paris Ave SE,NA,Grand Rapids,MI,49546-6131,United States,616-975-4100,6164585485,,http://WWW.GRSHOF.COM,14506,12500,80000,1,0
Robert Wood Johnson Foundation,,50 College Rd E,NA,Princeton,NJ,08540-6926,United States,609-627-6000,,mail@rwjf.org,http://WWW.RWJF.ORG,13679127003,543575302,60000,1,0
Boston Medical Center Corporation,Mahara Pinheiro,1 Boston Medical Ctr Pl,NA,Boston,MA,02118-2908,United States,617-414-1628,617-638-8983,grants.admin@bmc.org,http://WWW.BMC.ORG,2632199167,23488375,54519,1,0
The Brookby Foundation,,1313 N Franklin Pl Apt 2002,NA,Milwaukee,WI,53202-2989,United States,262-478-0629,,,HTTPS://BROOKBYFOUNDATION.ORG/,49609859,3112645,50000,1,0
Christophers Mark Cancer Foundation Incc/o Lisa Mullen,,9 Greenbriar Rd,NA,Canton,MA,02021-1107,United States,7818211191,,,http://christophersmark.org,37980,N/A,50000,1,0
Jane F and D Lawrence Sherman Family Support Foundation,,6735 Telegraph Rd,NA,Bloomfield Hills,MI,48301-3141,United States,248-642-4260,,,,4913079,491500,50000,1,0
Judd Leighton Foundation Inc,,202 S Michigan St Ste 910,NA,South Bend,IN,46601-2031,United States,574-232-5970,,CNelson@juddleightonfoundation.org,http://www.juddleightonfoundation.org,138477363,5286505,50000,1,0
Lear Corporation Charitable Foundation,,21557 Telegraph Rd Ste 400,NA,Southfield,MI,48033-4248,United States,248-447-1649,,,,N/A,N/A,50000,1,0
The Owen Moscone Foundation,,150 Pelican Way,NA,San Rafael,CA,94901-5550,United States,415-448-8495,,,,1051465,105000,50000,1,0
Ronan Thompson Foundation Inc,"Rachel Goldman, Executive Vice President",PO Box 35336,NA,Phoenix,AZ,85069-5336,United States,866-580-9455,,rachel@ronanfoundation.org,http://RONANFOUNDATION.ORG,694706,26600,50000,1,0
The Sally a. & Graham a. Orley Foundation,,201 W Big Beaver Rd Ste,NA,Troy,MI,48084-4162,United States,,,,,N/A,193593,50000,1,0
The Steve Toth Jr Family Foundation,,4651 Roswell Rd Ste H702,NA,Atlanta,GA,30342-3050,United States,404-351-1777,,,,2007893,50000,50000,1,0
SWIFTY FOUNDATION,,3916 Sarazen Ct,NA,Woodridge,IL,60517-1490,United States,630-723-1109,,patti@swiftyfoundation.org,http://www.swiftyfoundation.org,771809,808693,50000,1,0
Unity Foundation of La Porte County,,422 Franklin St Ste C,NA,Michigan City,IN,46360-3386,United States,219-879-0327,(219) 210-3881,info@uflc.net,https://uflc.net/,45563116,1470066,50000,1,0
COLON CANCER COALITION,"Chris Evans, President",2950 Xenium Ln N,NA,Minneapolis,MN,55441-2623,United States,952-378-1237,952-674-1179,chris@coloncancercoalition.org,http://www.coloncancercoalition.org,5538148,1151179,40000,1,0
The Crossroads Foundation,,2910 Oak Hollow Dr SE,NA,Grand Rapids,MI,49506-1955,United States,616-540-1332,,,,1640488,71000,40000,1,0
Alan Jay and Sue Kaufman Foundation,,30833 Northwestern Hwy Ste 200,NA,Farmington Hills,MI,48334-2582,United States,248-626-5000,,,,2078657,758678,35000,1,0
ARMS WIDE OPEN CHILDHOOD CANCER FOUNDATION,,PO Box 258,NA,Marlboro,NJ,07746-0258,United States,732-904-2799,201-508-1071,dena@awoccf.org,http://www.awoccf.org,409494,424517,35000,1,0
Danialle and Peter Karmanos Jr Family Foundation,,233 Pierce St,NA,Birmingham,MI,48009-6044,United States,248-961-7232,,,,1329073,813500,35000,1,0
Talbert and Leota Abrams Foundation,,Co C Arduino 201 W Big Beaver 5,NA,TROY,MI,48084-0000,United States,2487436038,,,HTTPS://WWW.THE-ABRAMS-FOUNDAT,9245361,288000,35000,1,0
"Rockefeller Philanthropy Advisors, Inc.","Alex Alberti, Senior Director, Grants And Contracts Management",120 Broadway Ste 3475,NA,New York City,NY,10271-3401,United States,212-812-4330,212-812-4335,aalberti@rockpa.org,http://www.rockpa.org,911780389,410541087,34898,1,0
Justgive Inc,,10 Old Easton Tpke,NA,Weston,CT,06883-2426,United States,415-982-5700,,support@justgive.org,http://www.justgive.org,2115773,545489,32210,1,0
Zieger Health Care Corporation,,28050 Grand River Ave,NA,Farmington Hills,MI,48336-5919,United States,248-471-8157,,,http://BOTSFORD.ORG,N/A,31639,31639,1,0
YMCA,,250 E Tuttle Rd,NA,Ionia,MI,48846-8605,United States,(616) 855-9600,,,,91622839,290255,30892,1,0
Thomas H and Nancy J Claus Charitable Foundation,,4300 Dursum Ave NE,NA,Ada,MI,49301-9675,United States,616-633-2839,,,,2455,N/A,30000,1,0
Michigan Gateway Community Foundation,"Robert Habicht, President/Ceo",111 Days Ave,NA,Buchanan,MI,49107-1609,United States,269-695-3521,(269) 695-4250,info@mgcf.org,http://WWW.MGCF.ORG,28248791,871201,28333,1,0
Will Rogers Motion Picture Pioneers Foundation,,2233 N Ontario St Ste 300,NA,Burbank,CA,91504-4500,United States,323-688-2500,323-688-2501,info@wrinstitute.org,http://willrogersmotionpicture.org,11842128,1058531,26579,1,0
Detroit Pistons Foundation,"Gaby Mckee, Executive Director",6201 2nd Ave,NA,Detroit,MI,48202-3405,United States,313-747-8667,(248) 377-0309,lfranklin@palacenet.com,http://PISTONS.COM,1097230,351984,25100,1,0
Amyotrophic Lateral Sclerosis Assn,,1275 K St NW,NA,Washington,DC,20005-4083,United States,2024078580,,,http://www.alsa.org,96316713,17868141,25000,1,0
"Cannonball Kids cancer Foundation, Inc.","Dana Nichols, Executive Director",1555 Howell Branch Rd Ste C202,NA,Winter Park,FL,32789-1172,United States,321-325-5392,,info@cannonballkidscancer.org,http://www.cannonballkidscancer.org,1337705,483500,25000,1,0
COMMUNITY FOUNDATION FOR PALM BEACH & MARTIN COUNTIES INC,,700 S Dixie Hwy Ste 200,NA,West Palm Beach,FL,33401-5854,United States,561-569-6800,(561) 832-6542,epritchard@cfpbmc.org,http://www.yourcommunityfoundation.org/,269794994,23045106,25000,1,0
Fca Foundation,,1000 Chrysler Dr,NA,Auburn Hills,MI,48326-2766,United States,248-512-2500,(248) 512-4885 ,fcagrants@fcagroup.com,HTTP://WWW.CHRYSLERGROUPLLC.CO,418402,13814500,25000,1,0
Howard Miller Foundation,,860 E Main Ave,NA,Zeeland,MI,49464-1365,United States,616-772-9131,,,,21612935,963500,25000,1,0
Hunt for a Cure Inc,,1849 Whites Bridge Rd,NA,Belding,MI,48809-9739,United States,616-446-4612,,shamoe@requestfoods.com,http://www.huntforacure.com,46370,N/A,25000,1,0
James and Jane Welch Foundation,,7125 Headley St SE Unit 213,NA,Ada,MI,49301-4507,United States,616-450-0490,,,,7817752,N/A,25000,1,0
Kelly Renal Foundation,,2791 Rabben Ct,NA,Troy,MI,48098-6209,United States,,,,,N/A,N/A,25000,1,0
Prevent Cancer Foundation,,333 John Carlyle St Ste 635,NA,Alexandria,VA,22314-5772,United States,703-836-4412,703-836-4413,Jody.Hoyos@preventcancer.org,http://www.preventcancer.org,21969965,1863600,25000,1,0
Pwc Foundation Inc,,300 Madison Ave,NA,New York City,NY,10017-6232,United States,813-348-7725,,,http://www.pwccharitablefoundation.org,77145151,36268758,25000,1,0
The Sebastian Foundation C/o Ms Linda Jones,,3333 Evergreen Dr NE Ste 110,NA,Grand Rapids,MI,49525-9493,United States,,,,,N/A,2081200,25000,1,0
Sedge Plitt Charitable Trust III C/o Loren Stone,,3201 Old Glenview Rd Ste 300,NA,Wilmette,IL,60091-2966,United States,312-634-3400,,,,11082501,437500,25000,1,0
The William Chinnick Charitable Foundation,,1 Peacock Ln,NA,Boynton Beach,FL,33436-5620,United States,561-379-8322,,,,3474015,639262,25000,1,0
Cardinal Health Foundation,,7000 Cardinal Pl,NA,Dublin,OH,43017-1091,United States,614-757-5000,,communityrelations@cardinalhealth.com,http://WWW.CARDINALHEALTH.COM/COMMUNI,54153101,6311093,23700,1,0
CADILLAC AREA COMMUNITY FOUNDATION,"Doreen Lanc, Executive Director",201 N Mitchell St Ste 101,NA,Cadillac,MI,49601-1859,United States,231-775-9911,231-775-8126,d.lanc@cadillacfoundation.org,http://www.cadillacfoundation.org,20771488,915224,23000,1,0
Maxine and Stuart Frankel Charitable Foundation,,1334 Maplelawn Dr,NA,Troy,MI,48084-5341,United States,248-649-2924,,,,6812262,594276,20500,1,0
Alan Jay and Sue E Kaufman Family Foundation,,6735 Telegraph Rd,NA,Bloomfield Hills,MI,48301-3141,United States,248-642-4260,,,,753278,363000,20000,1,0
American Psychological Association,,750 1st St NE Ste 700,NA,Washington,DC,20002-8011,United States,202-336-5500,,,http://WWW.APA.ORG,253609458,3694938,20000,1,0
The Jewish Fund,,6735 Telegraph Rd,NA,Bloomfield Hills,MI,48301-3141,United States,248-642-4260,(248) 833-2446,info@thejewishfund.org,http://WWW.THEJEWISHFUND.ORG,62555927,3854251,20000,1,0
Share the Dough,,2211 Encinitas Blvd Ste 100,NA,Encinitas,CA,92024-4361,United States,760-944-1070,,,http://www.sharethedough.com,1753468,1416363,20000,1,0
Tweddle Foundation C/o Merrill Lynch Family Office,,500 Woodward Ave Ste 2500,NA,Detroit,MI,48226-5499,United States,908-301-2626,,,,8317246,471960,20000,1,0
University of Kansas Medical Center Research Institute,,3901 Rainbow Blvd,NA,Kansas City,KS,66160-8500,United States,913-588-1261,,,http://WWW.KUMC.EDU/KUMCRI.HTML,170911456,20077577,17605,1,0
Georgetown University,,37th and O Sts Nw,NA,Washington,DC,20007,United States,202-687-0100,,publicaffairs@georgetown.edu,https://www.georgetown.edu/,5656709556,303128080,17341,1,0
Emory University,,1599 Clifton Road Third Floor 3101,NA,Atlanta,GA,30322-0001,United States,404-727-1408,,msacks2@emory.edu,http://WWW.EMORY.EDU,22212258173,636544761,15526,1,0
Barbara Bradley Baekgaard Family Foundation,,7 Spring Mill Ln,NA,Haverford,PA,19041-1136,United States,2152972100,,,,1133171,482550,15000,1,0
The Gibson Foundation Gibson,,280 N Old Woodward Ave Ste 106,NA,Birmingham,MI,48009-5391,United States,3133310330,,,http://KIRKGIBSONFOUNDATION.ORG,N/A,30000,15000,1,0
Oakland County Bar Foundation,,1760 S Telegraph Rd Ste 100,NA,Bloomfield Hills,MI,48302-0181,United States,248-334-3400,(248) 334-7757,info@ocba.org,http://WWW.OCBA.ORG/OCBF,2252471,167895,15000,1,0
SpartanNash Foundation,,850 76th St SW,NA,Byron Center,MI,49315-8510,United States,616-878-2000,,,https://www.spartannash.com/corp-responsibility/foundation/,1738640,1160000,14286,1,0
Trinity Health - Michigan,,20555 Victor Pkwy,NA,Livonia,MI,48152-7031,United States,734-343-1000,,,http://WWW.TRINITYHEALTHMICHIGAN.ORG,5151647965,4011991,12346,1,0
Alliance for Clinical Trials in Oncology Foundation,"Sylvia Hrbek, Accounting Manager",125 S Wacker Dr Ste 1600,NA,Chicago,IL,60606-4404,United States,773-702-9171,(312) 345-0117,shrbek@alliancenctn.org,http://WWW.ALLIANCEFORCLINICALTRIALSINONCOLOGY.ORG,118132432,10308272,12284,1,0
Gs Donor Advised Philanthropy Fund for Wealth Management Inc,,200 West St Fl 15,NA,New York City,NY,10282-2102,United States,800-787-3000,(518) 640-5548,gspf-administration@gs.com,https://gspf.goldman.com/gspf/contactus/tabid/112/default.aspx,8981710000,2135241504,11000,1,0
Perri Family Foundation,,66 Sunningdale Dr,NA,Grosse Pointe Shores,MI,48236-1664,United States,313-268-7201,,,,1505008,75567,10700,1,0
American Academy of Pediatrics,"Christine Bork, Chief Development Officer; John Miller, Chief Financial Officer",345 Park Blvd,NA,Itasca,IL,60143-2644,United States,6306266000,(847) 434-8000,bhutchins@aap.org,http://WWW.AAP.ORG,178675790,4092929,10000,1,0
CLEVELAND FOUNDATION,"Diane Kaszei, Director Of Grants Management; Leta Obertacz, Senior Vice President Of Advancement",6601 Euclid Ave,NA,Cleveland,OH,44103-3905,United States,216-861-3810,216-861-1729,dkaszei@clevefdn.org,http://www.clevelandfoundation.org,2940696456,157358428,10000,1,0
Delta Dental Fund D/b/a Delta Dental Foundation,,PO Box 30416,NA,Lansing,MI,48909-7916,United States,517-349-6000,(517) 347-5320,ddf@deltadentalmi.com,http://WWW.DELTADENTALMI.COM/DDF,126821824,7266413,10000,1,0
Denso North America Foundation,,24777 Denso Dr,NA,Southfield,MI,48033-5244,United States,2483728120,(248) 213-2551,DENSOFoundation@denso-diam.com,http://WWW.DENSOFOUNDATION.ORG,11812112,N/A,10000,1,0
Ed & June Prein Family Foundation,,156 Hidden Lake Ct SE,NA,Grand Rapids,MI,49546-2118,United States,616-942-0189,,,,7821687,284300,10000,1,0
General Mills Foundation,,PO Box 1113,NA,Minneapolis,MN,55440-1113,United States,,,,http://www.generalmills.com/en/respon,29162626,15141691,10000,1,0
Happy Buddha Foundation F/k/a Harvey's Foundation,,Co Harvey Calcutt,NA,TRAVERSE CITY,MI,49684,United States,231-941-1214,,,,306094,37500,10000,1,0
Health Research and Educational Trust,"Maulik Joshi, President",155 N Wacker Dr Ste 400,NA,Chicago,IL,60606-1719,United States,312-422-3200,(312) 422-4568,mjoshi@aha.org,http://WWW.HRET.ORG,15980943,325030,10000,1,0
IRA Sohn Conference Foundation Inc,,1632 1st Ave # 20395,NA,New York City,NY,10028-4305,United States,646-435-0023,(212) 260-7669,info@irasohnconference.org,http://WWW.SOHNCONFERENCE.ORG,578068,659500,10000,1,0
JIMMIE JOHNSON FOUNDATION,Jenny Mayer,PO Box 242607,NA,Charlotte,NC,28224-2607,United States,704-586-2996,704-561-3333,jmayer@jjracinginc.com,http://www.jimmiejohnsonfoundation.org,184844,156507,10000,1,0
The Karen & Drew Peslar Foundation,,401 S Old Woodward Ave Ste 433,NA,Birmingham,MI,48009-6613,United States,248-594-6294,,,,8442415,301706,10000,1,0
Keller Foundation,,5225 33rd St SE,NA,Grand Rapids,MI,49512-2071,United States,616-949-5138,,zelene@kellerfoundation.org,http://WWW.KELLERFOUNDATION.ORG,9252701,377000,10000,1,0
Mark & Carol Muller Charitable Fund,,1971 E Beltline Ave NE Ste 240,NA,Grand Rapids,MI,49525-7059,United States,616-456-7114,,,,7367624,144567,10000,1,0
Ran Family Foundation,,1425 Clarendon Rd,NA,Bloomfield Hills,MI,48302-2604,United States,248-626-4215,,,,44,4639,10000,1,0
Rodger and Loree Wasserman Foundation,,111 Willist St Unit 201,NA,BIRMINGHAM,MI,48009,United States,248-891-8665,,,,877914,62715,10000,1,0
Roy H and Natalie C Roberts Family Foundation,,PO Box 803878,NA,Chicago,IL,60680-3878,United States,312-630-6000,,,,57419185,2287500,10000,1,0
THE SKOLL FOUNDATION,,250 University Ave,NA,Palo Alto,CA,94301-1738,United States,16503311031,1,dongips@skoll.org,http://www.skoll.org,807076748,58191683,10000,1,0
SOUTHEAST VIRGINIA COMMUNITY FOUNDATION,,1435 Crossways Blvd Ste 303,NA,Chesapeake,VA,23320-2917,United States,757-397-5424,757-397-7948,r.wentz@sevacf.org,http://www.sevacf.org,16891410,960549,10000,1,0
Strum Allesee Family Foundation,,261 E Maple Rd,NA,Birmingham,MI,48009-6324,United States,248-310-6040,,,,12373945,376500,10000,1,0
Thom and Connie Lipari Family Foundation,,211 S Rose St,NA,Kalamazoo,MI,49007-4713,United States,248-530-6208,,,,1651664,468457,10000,1,0
Bh Grand River Southfield Inc,,100 Corewell Dr NW,NA,Grand Rapids,MI,49503-2041,United States,866-989-7999,,,http://WWW.SUPERIORAMBULANCE.COM,6201730,N/A,8000,1,0
Botsford Continuing Care Corporation,,26901 Beaumont Blvd,NA,Southfield,MI,48033-3849,United States,616-391-2022,,,http://www.beaumontcommonsfh.org,27443176,N/A,7500,1,0
I-ACT for Children,,9211 Corporate Blvd Ste 260,NA,Rockville,MD,20850-3856,United States,301-605-7571,,alex.lebeaut@iactc.org,http://iactc.org,1381300,528,7500,1,0
Frederick and Katherine Yaffe Foundation,,2000 Tiverton Rd,NA,Bloomfield Hills,MI,48304-2392,United States,2482621700,,,,73678,20000,7000,1,0
Washington University,,7425 Forsyth Blvd,NA,St Louis,MO,63105-2103,United States,314-935-8283,(314) 935-4290,admissions@wustl.edu,http://WWW.WUSTL.EDU,19792327000,542424837,6250,1,0
United Way of Montcalm- Ionia Counties,,302 S Bridge St,NA,Belding,MI,48809-1765,United States,,,,http://www.liveunitedm-i.org,212480,123099,6111,1,0
American Thrombosis and Hemostasis Network Inc,,217 Main St,NA,Cornwall,NY,12518-1515,United States,914-588-3550,,,http://WWW.ATHN.ORG,5433549,4715723,6100,1,0
Smith Family Foundation,,287 Lake Shore Rd,NA,Grosse Pointe Farms,MI,48236-3781,United States,313-363-9981,,,,824729,110000,6000,1,0
Emory University,,1599 Clifton Rd NE,NA,Atlanta,GA,30322-4250,United States,4047272827,,,http://www.emory.edu,14816952045,477031740,5955,1,0
Murray C and Ina C Pitt Charitable Trust,,2000 Town Ctr Ste 1350,NA,Southfield,MI,48075-1252,United States,248-353-7290,,,,593331,213875,5150,1,0
Aptiv Foundation Inc,,PO Box 5086,NA,Troy,MI,48098,United States,248-285-1238,,,http://WWW.APTIV.COM/LEGAL-COMPLIANCE,15841220,985000,5000,1,0
Buist Foundation,,2 84th St SW,NA,Byron Center,MI,49315-8660,United States,616-878-3315,,,,842083,218487,5000,1,0
Community Foundation of the Napa Valley,,3299 Claremont Way Ste 4,NA,Napa,CA,94558-3382,United States,707-254-9565,707-254-7955,Terence@napavalleycf.org,http://WWW.NAPAVALLEYCF.ORG,79717579,6751873,5000,1,0
Crain Family Foundation,,1155 Gratiot Ave,NA,Detroit,MI,48207-2913,United States,3134466000,,,,1423505,66000,5000,1,0
Geenen Family Foundation C/o Charles Geenen,,1276 Beach Dr,NA,Holland,MI,49423-4483,United States,616-396-4950,,,,1079191,85000,5000,1,0
Glenn Family Foundation,,3155 N Grand Ave,NA,Pierson,MI,49339-9408,United States,616-364-6161,,,,363162,7500,5000,1,0
The Joslin Foundation,,47261 Stratford Ln,NA,Novi,MI,48374-3868,United States,248-347-0152,,,,375730,2000,5000,1,0
Khan Family Foundation,,8 Shady Hollow Dr,NA,Dearborn,MI,48124-1130,United States,313-277-2977,,,,807089,109000,5000,1,0
Lee and Maxine Peck Foundation C/o Gary Schwarcz,,39395 W 12 Mile Rd Ste 200,NA,Farmington Hills,MI,48331-2968,United States,248-200-9796,,,,758025,50900,5000,1,0
Mehney David P & Linda M Foundat C/o Daniel M Mehney,,2330 Hall St SE,NA,Grand Rapids,MI,49506-4044,United States,616-446-6191,,,,1237818,80000,5000,1,0
Mosi Foundation,,74 Pasture Ln Apt 114,NA,Bryn Mawr,PA,19010-1755,United States,610-520-1278,,,,5716932,648847,5000,1,0
Richard P and Doris H Beneicke Foundation,,33477 Woodward Ave Ste 700,NA,Birmingham,MI,48009-0951,United States,248-642-8686,,,,1598788,27000,5000,1,0
Jack and Aletha Goodale Family Foundation,,2000 Chicago Dr SW,NA,Wyoming,MI,49519-1213,United States,616-389-2400,,,,6903836,335000,4000,1,0
Charles F Yeager Foundation Inc,,3250 W Big Beaver Rd Ste 103,NA,Troy,MI,48084-2928,United States,248-464-1902,,,,72672,3700,3500,1,0
Keough Family Foundation,,1407 W Joy Rd,NA,Ann Arbor,MI,48105-9204,United States,248-464-6314,,,,6969014,321593,3500,1,0
Runyon Family Foundation,,1405 Pilgrim Ave,NA,Birmingham,MI,48009-1005,United States,,,,,N/A,26938,3219,1,0
Grand Rapids Kiwanis Foundation,,2318 Holtman Dr NE,NA,Grand Rapids,MI,49525-1811,United States,6166905702,,,,314325,26462,3000,1,0
The John C Hendry Foundation,,40900 Woodward Ave Ste 340,NA,Bloomfield Hills,MI,48304-5121,United States,248-353-1530,,,,1276439,55000,3000,1,0
The S L Hickman Family Foundation,,Co 3401 Tuttle Road 290,NA,Shaker Heights,OH,44122,United States,517-263-5055,,,,28951231,2043530,3000,1,0
The Wj and Lillian Kemler Foundation Margaret Savage President,,1500 W Big Beaver Rd Fl 2,NA,Troy,MI,48084-3522,United States,248-952-5000,,,,1229268,74770,3000,1,0
Bayer Fund,,800 N Lindbergh Blvd,NA,St Louis,MO,63167-1000,United States,3146945322,(314) 694-7658,,https://www.fund.bayer.us/,42211254,12288763,2500,1,0
The Missad Foundation,,263 Cheshire Way,NA,Naples,FL,34110-4410,United States,616-364-6161,,,,4259038,242004,2500,1,0
Ronald and Eva Kinney Family Foundation,,136 E Michigan Ave Ste 1201,NA,Kalamazoo,MI,49007-3936,United States,269-382-5800,,,,10010179,354250,2500,1,0
Cross Family Foundation,,26342 Augusta Creek Ct,NA,Bonita Springs,FL,34134-0758,United States,2696294010,,,,2264965,43250,2407,1,0
Harold & Joan Feinbloom Family Foundation,,1150 Pittsford Victor Rd Ste A,NA,Pittsford,NY,14534-3838,United States,585-419-0670,,,,4451826,205805,2000,1,0
Kimberly a Foundation Corp,,585 Channel Ln,NA,Longboat Key,FL,34228-3704,United States,941-545-5451,,,,2697675,120750,2000,1,0
Marzke Foundation,,1207 Broad St,NA,St Joseph,MI,49085-1258,United States,2699837314,,,,1180168,65200,2000,1,0
Ruch Family Foundation,,145 Columbia Ave,NA,Holland,MI,49423-2981,United States,616-395-0981,,,,72199,1294000,2000,1,0
Temple University,"Deirdre Hopkins, Sr. Director, Communications; Mary Burke, Vice President, Temple University Institutional Advancement",1801 N Broad St,NA,Philadelphia,PA,19122-6003,United States,215-204-7000,,deirdre.hopkins@temple.edu,http://www.temple.edu,3926300000,205097000,1960,1,0
The Csig Foundation D/b/a Csig Cares,,7927 Nemco Way Ste 200,NA,Brighton,MI,48116-9458,United States,810-220-2659,,,,3146,43612,1600,1,0
Deporre Family Foundation,,101 W Long Lake Rd,NA,Bloomfield Hills,MI,48304-2749,United States,248-647-0277,,,,1803129,108000,1500,1,0
EDSEL & ELEANOR FORD HOUSE,"Mark Heppner, President & Ceo",1100 Lake Shore Rd,NA,Grosse Pointe Shores,MI,48236-4106,United States,313-884-4222,,mheppner@fordhouse.org,http://www.fordhouse.org,299373072,47457,1500,1,0
Greater Washington Community Foundation,"Kathy Matthews, Director Of Grants Management",1750 H St NW Ste 800,NA,Washington,DC,20006-4670,United States,202-955-5890,(202) 955-8084,info@thecommunityfoundation.org,http://thecommunityfoundation.org/,530876833,91271542,1500,1,0
Ims Charitable Trust C/o Sovereign Partner,,747 3rd Ave Fl 37,NA,New York City,NY,10017-2809,United States,2129441377,,,,1013223,62720,1500,1,0
Maurice and Michele Taylor Foundation,,500 Maine St,NA,Quincy,IL,62301-3940,United States,217-222-0304,,,,1270635,108000,1500,1,0
San Diego Foundation,,2508 Historic Decatur Rd Ste 200,NA,San Diego,CA,92106-6138,United States,619-235-2300,619-,lruggero@sdfoundation.org,http://www.sdfoundation.org,1449190327,121214242,1500,1,0
The Arthur and Charlotte Zitrin Trust,,333 Green St,NA,San Francisco,CA,94133-4103,United States,415-274-9976,,,,6743049,1247098,1000,1,0
Baird Foundation Inc,,777 E Wisconsin Ave,NA,Milwaukee,WI,53202-5300,United States,414-765-3500,,,,130491206,6618746,1000,1,0
Carl and Irene Morath Foundation Inc,,14200 E 10 Mile Rd,NA,Warren,MI,48089-2163,United States,313-570-8105,,,,3642146,171000,1000,1,0
Currie Family Foundation,,6685 Clovis Ct,NA,Timnath,CO,80547-2202,United States,970-225-1023,,,,179980,34211,1000,1,0
David & Mary Slikkers Family Foundation,,6535 Creekwood Ln,NA,Holland,MI,49423-8809,United States,616-510-0752,,,,329264,112950,1000,1,0
David A Brandon Foundation,,1829 Plumbago Ln,NA,Naples,FL,34105-3060,United States,734-327-7139,,,,1692621,112275,1000,1,0
The Barbara Frankel Foundation,,4912 Fairway Ridge Cir,NA,West Bloomfield,MI,48323-3320,United States,(248) 626-2134,,,,N/A,8154,1000,1,0
"GULF COAST COMMUNITY FOUNDATION, INC.",,1549 State St,NA,Sarasota,FL,34236-5808,United States,941-486-4600,941-486-4699,kprince@gulfcoastcf.org,http://www.gulfcoastcf.org,482820352,42576073,1000,1,0
HARTFORD FOUNDATION FOR PUBLIC GIVING,"Doretta Andonucci, Communications And Marketing Officer",10 Columbus Blvd Fl 8,NA,Hartford,CT,06106-1976,United States,860-548-1888,860-249-3561,dandonucci@hfpg.org,http://www.hfpg.org,1138970331,50044335,1000,1,0
Henry A Fox Jr & Kathleen O Brien Fox Charitable Foundation,,19573 North Shore Dr,NA,Spring Lake,MI,49456-9107,United States,6169491210,,,,883494,38000,1000,1,0
Lynn & Paul Alandt Foundation,,1901 Saint Antoine St Fl 6,NA,Detroit,MI,48226-2336,United States,313-259-7777,,,,8513710,462527,1000,1,0
Paul Farago Foundation,,3508 Erie Dr,NA,Orchard Lake,MI,48324-1522,United States,248-683-4010,,,,1090202,102000,1000,1,0
The Robert E and Marcia L Schaub Family Foundation,,4247 Riverlands Ct NE,NA,Grand Rapids,MI,49525-9422,United States,616-682-0310,,,,889027,47444,1000,1,0
The Sehn Foundation,,5382 Deep Wood Rd,NA,Bloomfield Hills,MI,48302-2911,United States,248-642-6595,,,,2521529,202000,1000,1,0
Thomas and Carol Cracchiolo Foundation,,100 Maple Park Blvd Ste 130,NA,St Clair Shores,MI,48081-2253,United States,586-445-8111,,,,29259441,1188864,1000,1,0
United Health Foundation,,1 Health Dr,NA,Eden Prairie,MN,55344-2955,United States,952-936-3662,(952) 936-1675,unitedhealthfoundationinfo@uhg.com,http://WWW.UNITEDHEALTHFOUNDATION.ORG,134181078,44991067,1000,1,0
The Ups Foundation Inc,,55 Glenlake Pkwy,NA,Atlanta,GA,30328-3474,United States,404-828-6000,(404) 828-7435,sustainability@ups.com,https://about.ups.com/us/en/ou,12487250,36087684,1000,1,0
Woll-Yellin Family Foundation,,3311 Woodview Lake Rd,NA,West Bloomfield,MI,48323-3573,United States,248-626-0459,,,,3925792,270265,1000,1,0
Wonderful Life Foundation,,777 S Flagler Dr Ste 1500,NA,West Palm Beach,FL,33401-6157,United States,5614695600,,,,30631789,21614500,1000,1,0
Textron Charitable Trust,,40 Westminster St,NA,Providence,RI,02903-2525,United States,401-421-2800,,kwarfield@textron.com,http://www.textron.com/about/our-commitment/charitable-giving,10448279,4244405,625,1,0
Keeler Foundation,,2525 Indian Trl SE,NA,Grand Rapids,MI,49506-3116,United States,,,,,31514,N/A,600,1,0
Abbott Fund,,100 Abbott Park Rd D379/Ap6d,NA,Abbott Park,IL,60064,United States,224-668-2803,,,http://WWW.ABBOTTFUND.ORG,522259656,17424431,520,1,0
Allan W Chernick Foundation,,5635 Ridgewood,NA,West Bloomfield,MI,48322-1406,United States,248-640-6789,,,,363656,56072,500,1,0
Arrow Cares,,525 S Washington Ave,NA,Royal Oak,MI,48067-3825,United States,248-502-2526,,,,107705,56313,500,1,0
Berghammer Construction Foundation Inc,,4750 N 132nd St,NA,Butler,WI,53007-1629,United States,262-790-4750,,,http://berghammer.com/about-us/berghammer-foundation/,211623,59300,500,1,0
Del and Jean Doyle Family Foundation,,3330 Broadmoor Ave SE Ste E,NA,Grand Rapids,MI,49512-8192,United States,616-949-9000,,,,438888,37179,500,1,0
Harold D Wetterberg Foundation,,89 Headquarters Plz,NA,Morristown,NJ,07960-6834,United States,9739931743,,,,1602842,147500,500,1,0
Mordell Family Foundation,,10251 W 17th Pl,NA,Kennewick,WA,99338-4527,United States,,,,,N/A,2500,500,1,0
Owen Charitable Foundation,,96 Lighthouse Dr,NA,Jupiter,FL,33469-3511,United States,,,,,158818,386000,500,1,0
Rick and Judy Anderson Family Foundation,,1175 S Milwaukee St,NA,Denver,CO,80210-2022,United States,720-341-3399,,,,579462,8251,500,1,0
Sidney Katzman & Robert Katzman Foundation,,30100 Telegraph Rd Ste 366,NA,Bingham Farms,MI,48025-5800,United States,2486452300,,,,136535,78508,500,1,0
St Clair Charitable Trust,,15840 Lakeview Ct,NA,Grosse Pointe Park,MI,48230-1865,United States,313-823-6280,,,,617080,41600,500,1,0
Litvak Foundation,,365 Pine Ridge Dr,NA,Bloomfield Hills,MI,48304-2140,United States,,,,,N/A,110663,400,1,0
Brenton & Susan Cook Foundation Cook,,864 S Heathwood Dr,NA,Marco Island,FL,34145-5865,United States,269-370-8003,,,,212894,19650,250,1,0
Consumers Energy Foundation,,One Energy Plaza Ep8-210,NA,JACKSON,MI,49201-2276,United States,517-788-0432,,foundation@consumersenergy.com,https://www.consumersenergy.com/community-engagement/foundation,55085639,7820257,250,1,0
International Radiosurgery Research Foundation,,200 Lothrop St Ste B-400,NA,Pittsburgh,PA,15213-2536,United States,412-647-6781,,,HTTP://WWW.IRR-F.ORG,836267,N/A,250,1,0
Lyle and Diane Foundation Medical Research Foundation of Michigan,,6130 Wing Lake Rd,NA,Bloomfield Hills,MI,48301-1531,United States,248-851-9614,,,,352333,114306,250,1,0
Thrivent Financial for Lutherans Foundation,,600 Portland Ave,NA,Minneapolis,MN,55415-4401,United States,612-844-7143,,,http://WWW.THRIVENT.COM,87838588,4895419,250,1,0
Thrivent Financial for Lutherans,,600 Portland Ave,NA,Minneapolis,MN,55415-4401,United States,612-844-5225,,boxcommunityaffairs@thrivent.com,http://WWW.THRIVENT.COM,1.13535E+11,96402125,250,1,0
Arthur J Gallagher Foundation,,2850 Golf Rd Fl 7,NA,Rolling Meadows,IL,60008-4050,United States,630-773-3800,,,,7239988,1403886,200,1,0
Harold and Penny B Blumenstein Foundation Corporation,,32400 Telegraph Rd Ste 202,NA,Bingham Farms,MI,48025-2460,United States,248-646-9600,,,,11065637,1933660,200,1,0
IBM International Foundation,,Co Ibm Tax Dept North Castle Driv,NA,ARMONK,NY,10504,United States,914-499-4690,,,http://www.ibm.com/ibm/responsibility,340584348,11719947,150,1,0
"Masashi Subaru of America, Inc.",,1 Subaru Dr,NA,Camden,NJ,08103-2204,United States,8564888500,,foundation@subaru.com,http://www.subaru.com/company/soa-foundation/index.html,7215320,718329,150,1,0
Cline Foundation,,PO Box 707,NA,Petoskey,MI,49770-0707,United States,517-349-4449,,,,2198543,93880,101,1,0
Cinnaire Corporation,,1118 S Washington Ave,NA,Lansing,MI,48910-1659,United States,517-482-8555,(517) 482-8598,,http://WWW.CINNAIRE.COM,73402742,139417,100,1,0
Laybel Family Foundation,,31070 Oak Valley Dr,NA,Farmington Hills,MI,48331-1422,United States,2482389128,,,,3007753,1027000,100,1,0
Malott Family Foundation,,333 N Michigan Ave Ste 3100,NA,Chicago,IL,60601-4111,United States,312-861-6005,,,,156126406,7155000,100,1,0
The Meer Family Foundation,,26081 Stratford Pl,NA,Oak Park,MI,48237-1029,United States,248-968-4790,,,,6771132,262933,100,1,0
Robert and Sharon Grooters Foundation,,4460 44th St SE Ste C200,NA,Grand Rapids,MI,49512-4096,United States,616-776-0033,,,,100525,57000,100,1,0
C.H. Robinson Worldwide Foundation,,401 E 8th St Ste 319,NA,Sioux Falls,SD,57103-7031,United States,605-336-6832,,foundation@chrobinson.com,https://www.chrobinson.com/en-us/about-us/corporate-responsibility/community/foundation-giving/,26233612,3536981,75,1,0
The McKesson Foundation,,PO Box 819067,NA,Dallas,TX,75381-9067,United States,972-446-4800,,mckessonfoundation@mckesson.com,https://www.mckesson.com/About-McKesson/Impact/McKesson-Foundation/,1615367,13976732,50,1,0
David Kahan Family Foundation,,560 Kirts Blvd Ste 100,NA,Troy,MI,48084-4141,United States,248-362-4666,,,,3931,72742,35,1,0
Lois Walts-Farrell Family Foundation,,4000 Town Ctr Ste 1240,NA,Southfield,MI,48075-1423,United States,,,,,N/A,19,19,1,0
Brother's Brother Foundation,"Laura Kelly, Vice President Of Global Partnerships & Development; Ozzy Samad, President",1200 Galveston Ave,NA,Pittsburgh,PA,15233-1604,United States,412-3213160,412-3213325,osamad@brothersbrother.org,http://www.brothersbrother.org,23987321,188075818,NA,0,0
Direct Relief,"Heather Bennett, Chief Of Staff; Tony Morain, Vice President, Communications",6100 Becknell Rd,NA,Santa Barbara,CA,93117-3265,United States,805-964-4767,(805) 681-4838,tmorain@directrelief.org,https://www.directrelief.org,1186035572,1882818737,NA,0,0
Reach Out and Read Inc,,,NA,,MA,,United States,617-455-0600,(617) 455-0601,info@reachoutandread.org,http://WWW.REACHOUTANDREAD.ORG,29204409,7726829,NA,0,0
