Grantmaker Name,Contact,Street Address 1,Street Address 2,City,State,ZIP Code,Country,Telephone,Fax,E-mail,URL,Total Assets,Total Giving,Amount Funded,Grant Count,RFPs
The Pittsburgh Foundation,,912 Fort Duquesne Blvd Fl 10,,Pittsburgh,PA,15222-3638,United States,412-391-5122,412-391-5156,info@pghfdn.org,http://www.pittsburghfoundation.org,1401303944,59441174,10155005,203,0
Hillman Family Foundations,"David Roger, President",310 Grant St Ste 2020,,Pittsburgh,PA,15219-2213,United States,412-338-3466,(412) 338-3463,foundation@hillmanfo.com,https://hillmanfamilyfoundations.org/,1865996880,90274318,916625,15,0
Russell Charitable Foundation C/o Andrew K Russell,,3237 SW Cascasde Ter,,PORTLAND,OR,97205-5881,United States,,,,http://ANDYRUSSELL.ORG,N/A,7125,26250,7,0
The Foundation for Surgical Fellowships,"Adeena Bleich, Executive Director",11300 W Olympic Blvd Ste 600,,Los Angeles,CA,90064-1663,United States,310-437-0581,,Adeena@surgicalfellowships.org,HTTP://WWW.SURGICALFELLOWSHIPS.ORG/,239201,920000,370000,6,0
Love Family Foundation Incorporated,,PO Box 11556,,Pittsburgh,PA,15238-0556,United States,412-389-0956,,,,2703041,87845,22500,6,0
Alfred P. Sloan Foundation,,630 Fifth Avenue Suite 2200,,New York City,NY,10111,United States,212-649-1649,(212) 757-5117,,http://WWW.SLOAN.ORG,2116962267,89745363,6245000,5,0
Power of 32 Site Development Fund,,5 Ppg Pl Ste 250,,Pittsburgh,PA,15222-5405,United States,4123915122,,,http://p32sitefund.com,1069725707,50215971,363609,5,0
John G Rangos Charitable Foundation,,6915 Stone Meadow Dr,,Dallas,TX,75230-2379,United States,4128716120,,,http://WWW.RANGOSFOUNDATION.ORG,19242878,N/A,190000,5,0
Joseph a Patrick Foundation Inc,,469 Ridgewood Ave,,Glen Ridge,NJ,07028-1721,United States,973-908-2012,,,,4824349,188125,450000,4,0
Jewish Federation of Greater Pittsburgh,,2000 Technology Dr,,Pittsburgh,PA,15219-3112,United States,412-681-8000,412-681-3980,mehven@jfedpgh.org,https://jewishpgh.org/,352288593,28948016,76250,4,0
Pnc Foundation,,300 5th Ave,,Pittsburgh,PA,15222-2401,United States,412-565-4532,(412) 705-3584,stephanie.garbe@pnc.com,https://www.pnc.com/en/about-pnc/corporate-responsibility/philanthropy/pnc-foundation.html,126633811,82865128,20150,4,0
Raymond Frodey,,500 1st Ave,,Pittsburgh,PA,15219-3128,United States,412-209-4730,,,,1068596,44454,924118,3,0
National Pancreas Foundation,"Emilie White, Program Coordinator",3 Bethesda Metro Ctr Ste 700,,Bethesda,MD,20814-6300,United States,866-726-2737,(301) 657-9776,info@pancreasfoundation.org,http://WWW.PANCREASFOUNDATION.ORG,623372,107000,165000,3,0
"Huntington's Disease Society of America, Inc.",,505 8th Ave Rm 902,,New York City,NY,10018-6588,United States,212-242-1968,212-239-3430,mperez@hdsa.org,http://www.hdsa.org,18147360,3678844,97000,3,0
Fidelity Investments Charitable Gift Fund,Shelbi Orr,245 Summer St,,Boston,MA,02210-1116,United States,800-952-4438,(877) 665-4274,GrantCDI@fmr.com,https://www.fidelitycharitable.org/,56657940564,10356741867,60050,3,0
John H Pelusi Jr and Kathleen J Pelusi Family Foundation,,501 Grant St Ste 450,,Pittsburgh,PA,15219-4427,United States,412-281-8714,,,,6867041,310000,56000,3,0
"Donor Advised Charitable Giving, Inc. (dba: DAFgiving360)",,9800 Schwab Way,,Lone Tree,CO,80124-5377,United States,800-746-6216,877-535-3852,ask@schwabcharitable.org,http://www.dafgiving360.org,41110879271,6623957198,26000,3,0
Hunter Legacy Family Foundation,,5925 State Line Rd,,Kansas City,MO,64113-1322,United States,816-255-8058,,,,2810228,131715,8000,3,0
Wells Fargo Foundation,,600 S 4th St,,Minneapolis,MN,55415-1526,United States,,,housingphilanthropy@wellsfargo.com,,50523797,217631092,300,3,0
Kathleen Duross Ford Fund Inc Co L Frank Chopin Plc,,PO Box 4297,,West Palm Beach,FL,33402-4297,United States,,,,,75561418,148000,1000000,2,0
The Wheeler Family Charitable Foundation,,PO Box 466,,Somerset,PA,15501-0466,United States,412-256-8867,,,,9257136,214500,500000,2,0
Robert Wood Johnson Foundation,,50 College Rd E,,Princeton,NJ,08540-6926,United States,609-627-6000,,mail@rwjf.org,http://WWW.RWJF.ORG,13679127003,543575302,455565,2,0
Tippins Foundation,,209 4th Ave,,Pittsburgh,PA,15222-1707,United States,4123910300,,,,610627,539935,150000,2,0
Staunton Farm Foundation Trust,"Monique Jackson , Executive Director",401 Liberty Ave Ste 2325,,Pittsburgh,PA,15222-1035,United States,412-281-8020,(412) 232-3115,office@stauntonfarm.org,https://stauntonfarm.org,65350551,3001603,118300,2,0
St Jude Medical Foundation,,1 Saint Jude Medical Dr,,St Paul,MN,55117-1789,United States,,,,http://WWW.SJMFOUNDATION.COM,N/A,175000,115000,2,0
The Heinz Endowments,"Courtney Tolmer, Communications Manager",625 Liberty Ave Fl 30,,Pittsburgh,PA,15222-3110,United States,412-281-5777,(412) 281-5788,info@heinz.org,http://WWW.HEINZ.ORG,2130567687,73517264,105000,2,0
Citrone Foundation Inc,,18 Marshall St Ste 330,,Norwalk,CT,06854-2237,United States,203-956-7959,,,,167715,217670,102500,2,0
The Frank E Rath Spang & Company Charitable Trust,,C/O Spang Company 110 Delta Dr,,PITTSBURGH,PA,15238,United States,412-963-9363,,,,4598335,203753,100000,2,0
Dialysis Clinic Inc,,1633 Church St Ste 500,,Nashville,TN,37203-2948,United States,615-234-5251,,,http://WWW.DCIINC.ORG,697727403,6861547,87396,2,0
The Children's Hospital of Philadelphia,Peggy Flynn,3401 Civic Center Blvd,,Philadelphia,PA,19104-4319,United States,215-590-1000,,,http://www.chop.edu,8131937980,56679163,80181,2,0
Rheumatology Research Foundation,,2200 Lake Blvd NE,,Brookhaven,GA,30319-5310,United States,404-929-4804,404-600-1674,kgreene@rheumatology.org,http://rheumresearch.org,70729610,12418699,75000,2,0
The Picker Institute Inc,,PO Box 777,,Camden,ME,04843-0777,United States,,,,http://WWW.PICKERINSTITUTE.ORG,916614,1760457,35000,2,0
Salvitti Family Foundation Ima,,750 E Beau St,,Washington,PA,15301-6661,United States,724-228-2982,,,,6678929,2645000,35000,2,0
Bny Mellon Foundation of Southwestern Pa,,PO Box 185,,Pittsburgh,PA,15230-0185,United States,412-234-0023,,powering.potential@bnymellon.com,,102151196,4810017,20000,2,0
The Grable Foundation,"Dana Lamenza, Financial Administrator",436 7th Ave Ste 2400,,Pittsburgh,PA,15219-1844,United States,412-471-4550,(412) 471-2267,grable@grable.org,http://WWW.GRABLE.ORG,326491183,12365114,20000,2,0
Lonnie & Carol Poole Family Foundation,,3301 Benson Dr Ste 304,,Raleigh,NC,27609-7381,United States,984-214-7156,,,,7608432,235482,5000,2,0
Minneapolis Foundation,"Chris Beach, Sr. Vice President, Philanthropic Services; Gregory Wenz, Chief Financial Officer",800 Ids Center 80 S Eighth St,,MINNEAPOLIS,MN,55402,United States,612-672-3878,(612) 672-3846,e-mail@mplsfoundation.org,http://WWW.MINNEAPOLISFOUNDATION.ORG,1134066155,113983030,1242,2,0
The Pfizer Foundation Inc,,66 Hudson Blvd E,,New York City,NY,10001-2189,United States,212-733-4250,(212) 309-4254,,http://WWW.PFIZER.COM,255366549,45690467,1073,2,0
North Hills Passavant Hospital Foundation,"Fay Morgan, Pres. And C.E.O.",9100 Babcock Blvd,,Pittsburgh,PA,15237-5815,United States,(412) 367-6640,(412) 748-6994,phf@upmc.edu,http://www.passavanthospitalfoundation.org,41421004,831099,1699996,1,0
Nuclear Threat Initiative Inc,,1776 I St NW Ste 1000,,Washington,DC,20006-3719,United States,202-296-4810,202-296-4811,macdougall@nti.org,http://www.nti.org,92105358,5047285,1062330,1,0
George and Melodie Rogers Foundation,,2037 W Bullard Ave # 220,,Fresno,CA,93711-1233,United States,5592848184,,,,52324,2500000,1000000,1,0
Burroughs Wellcome Fund,,21 Tw Alexander Dr,,Durham,NC,27713-2847,United States,919-991-5100,(919) 991-5160,info@bwfund.org,http://WWW.BWFUND.ORG,848033791,37721546,700000,1,0
William Randolph Hearst Foundation,,300 W 57th St Fl 26,,New York City,NY,10019-3741,United States,212-649-3748,,hearst.ny@hearstfdn.org,http://www.hearstfdn.org,863516672,36856583,500000,1,0
Foundation for Anesthesia Education and Research,"Max Kelz, President & Chief Science Officer; Trevor Peterson, Associate Director Of Development",1061 American Ln,,Schaumburg,IL,60173-4973,United States,630-912-2554,847-825-2085,FAER@faer.org,http://FAER.org,31101797,4186730,250000,1,0
The Subsidiaries of the Institute for Transfusion Medicine,,875 Greentree Rd,,Pittsburgh,PA,15220-3508,United States,412-209-7300,,,http://www.itxm.org,151126881,1088800,209446,1,0
Metlife Foundation,,200 Park Ave,,New York City,NY,10166-0005,United States,212-578-4133,(212) 578-0617,metlifefoundation@metlife.com,http://www.metlife.com/sustainability,127111548,37401844,200000,1,0
Walmart Foundation,,702 SW 8th St Dept 9740,,Bentonville,AR,72716-0150,United States,800-530-9925,(479) 273-6850,,https://walmart.org/,23414644,119938388,200000,1,0
Edith L Trees Trust Char Trust Art X,,116 Allegheny Center Mall # P8yb35,,Pittsburgh,PA,15212,United States,412-762-9973,,,,397504631,18588107,120000,1,0
J. William Warehime Foundation,,305 Baltimore St,,Hanover,PA,17331-3205,United States,717-637-9243,,,https://warehimefoundation.org/,131039625,4911500,100000,1,0
Blechman Foundation Inc,David Blechman,C/O D Blechman 9 Island Ave 1914,,MIAMI BEACH,FL,33139,United States,305-742-5455,,david@blechmanfoundation.org,http://WWW.BLECHMANFOUNDATION.ORG,226639,N/A,100000,1,0
Mccune Foundation Pnc Bank Na,,500 1st Ave,,Pittsburgh,PA,15219-3128,United States,4127624133,(412) 644-8059,info@mccune.org,http://www.mccune.org,170793742,47572750,100000,1,0
The O Wayne Rollins Foundation C/o Rfa Management Co LLC,,1908 Cliff Valley Way NE,,Atlanta,GA,30329-2421,United States,404-486-4627,(404) 486-4658,akreisler@rfallc.com,,794534121,36084138,100000,1,0
The Frazier Foundation,,701 Grove Pl,,Vero Beach,FL,32963-9560,United States,561-276-7631,,,,915507,170447,75000,1,0
United Spinal Association Inc,,102 Duane Rd,,Bayside,NY,11359-1028,United States,718-803-3782,718-803-0414,askus@unitedspinal.org,http://UNITEDSPINAL.ORG,8138766,413529,60000,1,0
J Horne Decd for University of Pit Medical Center,,500 1st Ave,,Pittsburgh,PA,15219-3128,United States,412-209-4730,,,http://WWW.PNC.COM,2719264,106245,51666,1,0
National Psoriasis Foundation,,1800 Diagonal Rd Ste 360,,Alexandria,VA,22314-2842,United States,800-723,703-842-8105,lhoward@psoriasis.org,https://www.psoriasis.org,14679906,2930843,50000,1,0
Nelson & Claudia Peltz Family Foundation,,548 N County Rd,,Palm Beach,FL,33480-3507,United States,212-451-3000,,,,35554890,1886333,50000,1,0
Women As One Inc,,574 Ritchie Hwy,,Severna Park,MD,21146-2951,United States,410-647-7370,,,http://WOMENASONE.ORG,1240146,81000,50000,1,0
Highmark Foundation,,120 5th Ave,,Pittsburgh,PA,15222-3000,United States,412-544-6668,(412) 544-6120,info@highmarkfoundation.org,https://www.highmarkfoundation.com/index.shtml#gsc.tab=0,116255484,13762385,42817,1,0
Myers Family Foundation,,1001 Liberty Ave Ste 1150,,Pittsburgh,PA,15222-3789,United States,412-392-2509,,,,N/A,3578,35000,1,0
Posner Foundation of Pittsburgh,"Anne Marie Toccket, Executive Director",535 Smithfield St # 960,,Pittsburgh,PA,15222-2393,United States,412-928-7701,,info@posnerfoundation.org,http://POSNERFOUNDATION.ORG,304555270,17092753,25500,1,0
The Mascaro Family Foundation,,1720 Metropolitan St,,Pittsburgh,PA,15233-2232,United States,412-321-4901,,,,13014845,698510,24200,1,0
Beatrice L Jacobson Char Foundation,,500 1st Ave,,Pittsburgh,PA,15219-3128,United States,412-442-3927,,,,1002968,43864,20960,1,0
James Frances Mccandless Trust,,500 1st Ave,,Pittsburgh,PA,15219-3128,United States,412-442-3927,,charitabletrusts@pnc.com,http://pncsites.com/pncfoundation/cha,5993219,248022,20000,1,0
Judy and Peter Blum Kovler Foundation,,1025 Thomas Jefferson St NW Ste 400w,,Washington,DC,20007-5253,United States,202-413-4049,,,,140196942,5301881,20000,1,0
John R Lucash Scholarship Trust,,PO Box 11647,,Birmingham,AL,35202-1647,United States,205-820-3141,,,,1103321,46935,16560,1,0
Hillman Foundation,,310 Grant St Ste,,Pittsburgh,PA,15219-2309,United States,412-338-3466,(412) 338-3463,foundation@hillmanfo.com,http://www.hillmanfdn.org,N/A,2349568,15000,1,0
J B Finley Charitable Trust,,500 1st Ave,,Pittsburgh,PA,15219-3128,United States,412-258-3051,,charitabletrusts@pnc.com,http://pncsites.com/pncfoundation/cha,2442051,107145,15000,1,0
Scott Foundation Inc,,1225 S Main St Ste 404,,Greensburg,PA,15601-5370,United States,4129998089,,,,115351306,2875242,15000,1,0
Elizabeth Buford Shepherd Scholarship,,PO Box 11647,,Birmingham,AL,35202-1647,United States,205-820-3141,,,,1596972,60000,13500,1,0
Cutaneous Lymphoma Foundation,"Holly Priebe, Chief Operating And Financial Officer",31201 Chicago Rd S Ste B201,,Warren,MI,48093-5500,United States,248-644-9014,(248) 644-9014,holly@clfoundation.org,http://clfoundation.org,1203956,4500,12500,1,0
Hanover Hospital Auxiliary,,300 Highland Ave,,Hanover,PA,17331-2203,United States,717-316-2281,,,http://WWW.UPMCPINNACLEFOUNDATION.ORG,160934,5556,10600,1,0
Ppg Industries Foundation,,1 Ppg Pl,,Pittsburgh,PA,15272-0001,United States,412-434-2962,,foundation@ppg.com,http://www.ppgcommunities.com,20202265,9572540,10050,1,0
American Laryngological Association,,PO Box 941,,Antioch,TN,37011-0941,United States,615-812-6170,,,http://WWW.ALAHNS.COM,2072255,N/A,10000,1,0
Central Indiana Community Foundation Inc.,,615 N Alabama St Ste 300,,Indianapolis,IN,46204-1431,United States,317-634-2423,317-684-0943,jens@cicf.org,http://www.cicf.org,546807672,33412041,10000,1,0
Endocrine Fellows Foundations,,PO Box 310,,Marion,CT,06444-0310,United States,8605867574,(860) 586-7550,info@endocrinefellows.org,http://www.endocrinefellows.org,722356,27500,10000,1,0
John Allen Thresh Memorial Trust,,PO Box 11647,,Birmingham,AL,35202-1647,United States,205-820-3141,,,,469520,20000,10000,1,0
Rockwell Foundation,,116 Allegheny Center Mall # P8yb35,,Pittsburgh,PA,15212,United States,4129951769,,,,15241608,720000,10000,1,0
THE WEIL FOUNDATION,Christine Willett,PO Box 13006,,Tucson,AZ,85732-3006,United States,520-647-7865,,christine@weilfoundation.org,http://www.weilfoundation.org,1624730,1216790,10000,1,0
United Way of Southwestern Pennsylvania,"Bobbi Watt Geer, President And Ceo; Linda Jones, Executive Vice President & Chief Development Officer",1250 Penn Ave,,Pittsburgh,PA,15222-4257,United States,412-261-6010,412-394-5376,bobbi.wattgeer@unitedwayswpa.org,https://www.unitedwayswpa.org,83597297,18607778,8404,1,0
University of Pittsburgh,,116 Atwood St Ste 201,,Pittsburgh,PA,15213-3402,United States,412-624-3189,412-624-3911,,http://WWW.PITT.EDU,9680542422,429008070,8000,1,0
Triangle Community Foundation,Latoya King,800 Park Offices Dr Ste 201,,Durham,NC,27709,United States,919-474-8370,919-941-9208,latoya@trianglecf.org,http://www.trianglecf.org,281678721,27763458,7500,1,0
EQT Foundation,Ellen Rossi,625 Liberty Ave Ste 1700,,Pittsburgh,PA,15222-3114,United States,412-553-5940,,erossi@eqt.com,https://www.eqt.com/our-communities/eqt-foundation,29043383,4010212,6750,1,0
Robert J Weis and Susan K Weis Foundation,,10040 E Happy Valley Rd Unit 55,,Scottsdale,AZ,85255-2366,United States,724-639-3551,,,,495845,40000,6625,1,0
The Birmingham Foundation,,320 Brownsville Rd,,Pittsburgh,PA,15210-2249,United States,412-481-2777,(412) 481-2727,info@bfpgh.org,http://WWW.BIRMINGHAMFOUNDATION.ORG,24310952,1425702,5500,1,0
Ben Silverman Foundation,,1880 Century Park E Ste 1600,,Los Angeles,CA,90067-1661,United States,3105531707,,,,258188,162066,5000,1,0
Deutsche Bank Americas Foundation,,1 Columbus Cir Stop,,New York City,NY,10019-8735,United States,212-250-2500,(212) 797-2255,,http://country.db.com/usa/responsibil,47753465,9017216,5000,1,0
Donna & Harry B McDonald Charitable Tr,,PO Box 1558,,Columbus,OH,43216-1558,United States,2166945656,,,,5818734,350500,5000,1,0
Emerson Charitable Trust,,The Northern Trust Company,,PO BOX CHICA,IL,60680,United States,312-630-6000,(314) 553-1605,,http://www.emerson.com/en-us/about-us/corporate-social-responsibility/community-involvement,35135236,15905858,5000,1,0
Foster Charitable Trust,,681 Andersen Dr Ste 300,,Pittsburgh,PA,15220-2766,United States,412-928-8900,,,,2899930,184770,5000,1,0
The Fraternal Order of Eagles Foundation,,1623 Gateway Cir,,Grove City,OH,43123-9309,United States,614-883-2194,(614) 883-2201,,http://WWW.FOE.COM,15955534,3877152,5000,1,0
Rk Mellon Family Foundation,,PO Box 945,,Ligonier,PA,15658-0945,United States,724-238-1820,,,,59774777,2762072,5000,1,0
St Bancorp Charitable Foundation,,800 Philadelphia St,,Indiana,PA,15701-3908,United States,724-465-1441,,,http://WWW.STBANK.COM,11432,402699,5000,1,0
Mary Ann Walters Scholarship Funds Trust Uw,,800 State St Ste 500,,Erie,PA,16501-1357,United States,814-392-7815,,,,277112,13080,3800,1,0
Human Rights Campaign Foundation,,5925 State Line Rd,,Kansas City,MO,64113-1322,United States,8162558058,,,,2508828,122600,3000,1,0
Helen L Kay Charitable Trust,,PO Box 75000,,Detroit,MI,48275-7874,United States,248-984-1400,,,,6881349,330500,2500,1,0
Brooks Family Foundation,,3465 Treeline Dr,,Murrysville,PA,15668-1523,United States,724-325-4490,,,,405669,177902,2325,1,0
Greater Washington Community Foundation,"Kathy Matthews, Director Of Grants Management",1750 H St NW Ste 800,,Washington,DC,20006-4670,United States,202-955-5890,(202) 955-8084,info@thecommunityfoundation.org,http://thecommunityfoundation.org/,530876833,91271542,1563,1,0
Edward B Dunlap Jr Foundation,,12 Grandview Cir,,Canonsburg,PA,15317-8533,United States,,,,,N/A,3339,1500,1,0
Jpmorgan Chase Foundation,Jp Morgan Chase,383 Madison Ave Fl 41,,New York City,NY,10017-3217,United States,212-270-6000,,east.giving@jpmchase.com,https://www.jpmorganchase.com/impact,1219377637,202504945,1000,1,0
Fm Global Foundation,,PO Box 7500,,Johnston,RI,02919-0750,United States,401-415-1200,,,,23991621,6373477,765,1,0
Alexander C & Tillie S Speyer Foundation,,3700 S Water St Ste 100,,Pittsburgh,PA,15203-2366,United States,412-417-2638,,,,N/A,313926,500,1,0
The Fine Foundation C/o Ffc Capital Corporation,"Susan Brownlee, Executive Director",1 Ppg Pl Ste 1670,,Pittsburgh,PA,15222-5401,United States,412-444-3500,(412) 697-0872,info@thefinefoundation.org,https://thefinefoundation.org/,291241,1684600,500,1,0
The Stephen G & Thelma S Yeonas Foundation,,6862 Elm St Ste,,Mc Lean,VA,22101-3886,United States,703-883-0202,,,,N/A,82526,500,1,0
Maxim Foundation Tr Ua 03252011,,100 Crossways Park Drive West Suite,,Woodbury,NY,11797,United States,5163938300,,,,856376,150730,486,1,0
Firstenergy Foundation,,76 S Main St,,Akron,OH,44308-1812,United States,330-384-5752,,,https://www.firstenergycorp.com/community/firstenergy_foundation.html,126610340,5276512,200,1,0
Eaton Charitable Fund,,4900 Tiedeman Rd,,Brooklyn,OH,44144-2338,United States,2166895973,(216) 479-7013,barrydoggett@eaton.com,http://www.eaton.com/sustainability/community/index.htm,1170486,8080087,50,1,0
Zurn Foundation Inc (fka Rexnord Foundation Inc),,511 W Freshwater Way,,Milwaukee,WI,53204-4113,United States,(414) 808-0100,,,https://zurnelkay.com/who-we-are/social-impact,4381372,512591,50,1,0
Citizens Charitable Foundation,,1 Citizens Bank Way # Jcb115,,Johnston,RI,02919-1922,United States,401-260-4198,,,https://www.citizensbank.com/community/corporate-giving.aspx,1338872,2015224,30,1,0
Bank of America Charitable Foundation,"Jennifer Silvania, Senior Vice President",401 N Tryon St Nc1-021-06-01,,Charlotte,NC,28255-0001,United States,980-386-9127,,,https://about.bankofamerica.com/en/making-an-impact/charitable-foundation-funding,7556845,225641539,25,1,0
Chubb Charitable Foundation,,436 Walnut St # Wa09c,,Philadelphia,PA,19106-3703,United States,215-640-1000,,philanthropyUS@chubb.com,http://www.chubb.com,43474175,7415847,25,1,0
